Claim,Source,Source URL,Relevant page,Final wording,Preserved or normalized,Source conflict resolution
Free design assistance,WooCommerce CSV export (short description / specifications),https://insertshub.com/product/custom-foam-inserts/,Custom Foam Inserts,Preserved verbatim from the export,Preserved,No conflict
Free shipping,WooCommerce CSV export (short description / specifications),https://insertshub.com/product/custom-foam-inserts/,Custom Foam Inserts,Preserved verbatim from the export,Preserved,No conflict
Fast turnaround times,WooCommerce CSV export (short description / specifications),https://insertshub.com/product/custom-foam-inserts/,Custom Foam Inserts,Preserved verbatim from the export,Preserved,No conflict
Custom sizes and styles available,WooCommerce CSV export (short description / specifications),https://insertshub.com/product/custom-foam-inserts/,Custom Foam Inserts,Preserved verbatim from the export,Preserved,No conflict
Gloss / Matte / Spot UV coating options,WooCommerce CSV export (short description / specifications),https://insertshub.com/product/custom-foam-inserts/,Custom Foam Inserts,Preserved verbatim from the export,Preserved,No conflict
High-quality material,WooCommerce CSV export (short description / specifications),https://insertshub.com/product/custom-foam-inserts/,Custom Foam Inserts,Preserved verbatim from the export,Preserved,No conflict
Printing options,WooCommerce CSV export (short description / specifications),https://insertshub.com/product/custom-foam-inserts/,Custom Foam Inserts,Preserved verbatim from the export,Preserved,No conflict
Recycled / recyclable material,WooCommerce CSV export (short description / specifications),https://insertshub.com/product/custom-foam-inserts/,Custom Foam Inserts,Preserved verbatim from the export,Preserved,No conflict
Eco-friendly material,WooCommerce CSV export (short description / specifications),https://insertshub.com/product/custom-foam-inserts/,Custom Foam Inserts,Preserved verbatim from the export,Preserved,No conflict
Wholesale pricing,WooCommerce CSV export (short description / specifications),https://insertshub.com/product/cupcake-boxes-with-inserts/,Cupcake Boxes With Inserts,Preserved verbatim from the export,Preserved,No conflict
Free design assistance,WooCommerce CSV export (short description / specifications),https://insertshub.com/product/cupcake-boxes-with-inserts/,Cupcake Boxes With Inserts,Preserved verbatim from the export,Preserved,No conflict
Free shipping,WooCommerce CSV export (short description / specifications),https://insertshub.com/product/cupcake-boxes-with-inserts/,Cupcake Boxes With Inserts,Preserved verbatim from the export,Preserved,No conflict
Fast turnaround times,WooCommerce CSV export (short description / specifications),https://insertshub.com/product/cupcake-boxes-with-inserts/,Cupcake Boxes With Inserts,Preserved verbatim from the export,Preserved,No conflict
High-quality material,WooCommerce CSV export (short description / specifications),https://insertshub.com/product/cupcake-boxes-with-inserts/,Cupcake Boxes With Inserts,Preserved verbatim from the export,Preserved,No conflict
Printing options,WooCommerce CSV export (short description / specifications),https://insertshub.com/product/cupcake-boxes-with-inserts/,Cupcake Boxes With Inserts,Preserved verbatim from the export,Preserved,No conflict
Recycled / recyclable material,WooCommerce CSV export (short description / specifications),https://insertshub.com/product/cupcake-boxes-with-inserts/,Cupcake Boxes With Inserts,Preserved verbatim from the export,Preserved,No conflict
Eco-friendly material,WooCommerce CSV export (short description / specifications),https://insertshub.com/product/cupcake-boxes-with-inserts/,Cupcake Boxes With Inserts,Preserved verbatim from the export,Preserved,No conflict
Free design assistance,WooCommerce CSV export (short description / specifications),https://insertshub.com/product/cardboard-box-inserts/,Cardboard Box Inserts,Preserved verbatim from the export,Preserved,No conflict
Fast turnaround times,WooCommerce CSV export (short description / specifications),https://insertshub.com/product/cardboard-box-inserts/,Cardboard Box Inserts,Preserved verbatim from the export,Preserved,No conflict
Custom sizes and styles available,WooCommerce CSV export (short description / specifications),https://insertshub.com/product/cardboard-box-inserts/,Cardboard Box Inserts,Preserved verbatim from the export,Preserved,No conflict
Gloss / Matte / Spot UV coating options,WooCommerce CSV export (short description / specifications),https://insertshub.com/product/cardboard-box-inserts/,Cardboard Box Inserts,Preserved verbatim from the export,Preserved,No conflict
High-quality material,WooCommerce CSV export (short description / specifications),https://insertshub.com/product/cardboard-box-inserts/,Cardboard Box Inserts,Preserved verbatim from the export,Preserved,No conflict
Printing options,WooCommerce CSV export (short description / specifications),https://insertshub.com/product/cardboard-box-inserts/,Cardboard Box Inserts,Preserved verbatim from the export,Preserved,No conflict
Recycled / recyclable material,WooCommerce CSV export (short description / specifications),https://insertshub.com/product/cardboard-box-inserts/,Cardboard Box Inserts,Preserved verbatim from the export,Preserved,No conflict
Eco-friendly material,WooCommerce CSV export (short description / specifications),https://insertshub.com/product/cardboard-box-inserts/,Cardboard Box Inserts,Preserved verbatim from the export,Preserved,No conflict
Free design assistance,WooCommerce CSV export (short description / specifications),https://insertshub.com/product/box-divider-inserts/,Box Divider Inserts,Preserved verbatim from the export,Preserved,No conflict
Free shipping,WooCommerce CSV export (short description / specifications),https://insertshub.com/product/box-divider-inserts/,Box Divider Inserts,Preserved verbatim from the export,Preserved,No conflict
Fast turnaround times,WooCommerce CSV export (short description / specifications),https://insertshub.com/product/box-divider-inserts/,Box Divider Inserts,Preserved verbatim from the export,Preserved,No conflict
Custom sizes and styles available,WooCommerce CSV export (short description / specifications),https://insertshub.com/product/box-divider-inserts/,Box Divider Inserts,Preserved verbatim from the export,Preserved,No conflict
Gloss / Matte / Spot UV coating options,WooCommerce CSV export (short description / specifications),https://insertshub.com/product/box-divider-inserts/,Box Divider Inserts,Preserved verbatim from the export,Preserved,No conflict
High-quality material,WooCommerce CSV export (short description / specifications),https://insertshub.com/product/box-divider-inserts/,Box Divider Inserts,Preserved verbatim from the export,Preserved,No conflict
Printing options,WooCommerce CSV export (short description / specifications),https://insertshub.com/product/box-divider-inserts/,Box Divider Inserts,Preserved verbatim from the export,Preserved,No conflict
Recycled / recyclable material,WooCommerce CSV export (short description / specifications),https://insertshub.com/product/box-divider-inserts/,Box Divider Inserts,Preserved verbatim from the export,Preserved,No conflict
Eco-friendly material,WooCommerce CSV export (short description / specifications),https://insertshub.com/product/box-divider-inserts/,Box Divider Inserts,Preserved verbatim from the export,Preserved,No conflict
Wholesale pricing,WooCommerce CSV export (short description / specifications),https://insertshub.com/product/candle-boxes-with-inserts/,Candle Boxes With Inserts,Preserved verbatim from the export,Preserved,No conflict
Free design assistance,WooCommerce CSV export (short description / specifications),https://insertshub.com/product/candle-boxes-with-inserts/,Candle Boxes With Inserts,Preserved verbatim from the export,Preserved,No conflict
Free shipping,WooCommerce CSV export (short description / specifications),https://insertshub.com/product/candle-boxes-with-inserts/,Candle Boxes With Inserts,Preserved verbatim from the export,Preserved,No conflict
Printing options,WooCommerce CSV export (short description / specifications),https://insertshub.com/product/candle-boxes-with-inserts/,Candle Boxes With Inserts,Preserved verbatim from the export,Preserved,No conflict
Recycled / recyclable material,WooCommerce CSV export (short description / specifications),https://insertshub.com/product/candle-boxes-with-inserts/,Candle Boxes With Inserts,Preserved verbatim from the export,Preserved,No conflict
Eco-friendly material,WooCommerce CSV export (short description / specifications),https://insertshub.com/product/candle-boxes-with-inserts/,Candle Boxes With Inserts,Preserved verbatim from the export,Preserved,No conflict
Wholesale pricing,WooCommerce CSV export (short description / specifications),https://insertshub.com/product/mailer-box-inserts/,Mailer Box Inserts,Preserved verbatim from the export,Preserved,No conflict
Free design assistance,WooCommerce CSV export (short description / specifications),https://insertshub.com/product/mailer-box-inserts/,Mailer Box Inserts,Preserved verbatim from the export,Preserved,No conflict
Free shipping,WooCommerce CSV export (short description / specifications),https://insertshub.com/product/mailer-box-inserts/,Mailer Box Inserts,Preserved verbatim from the export,Preserved,No conflict
Fast turnaround times,WooCommerce CSV export (short description / specifications),https://insertshub.com/product/mailer-box-inserts/,Mailer Box Inserts,Preserved verbatim from the export,Preserved,No conflict
Custom sizes and styles available,WooCommerce CSV export (short description / specifications),https://insertshub.com/product/mailer-box-inserts/,Mailer Box Inserts,Preserved verbatim from the export,Preserved,No conflict
Gloss / Matte / Spot UV coating options,WooCommerce CSV export (short description / specifications),https://insertshub.com/product/mailer-box-inserts/,Mailer Box Inserts,Preserved verbatim from the export,Preserved,No conflict
High-quality material,WooCommerce CSV export (short description / specifications),https://insertshub.com/product/mailer-box-inserts/,Mailer Box Inserts,Preserved verbatim from the export,Preserved,No conflict
Printing options,WooCommerce CSV export (short description / specifications),https://insertshub.com/product/mailer-box-inserts/,Mailer Box Inserts,Preserved verbatim from the export,Preserved,No conflict
Recycled / recyclable material,WooCommerce CSV export (short description / specifications),https://insertshub.com/product/mailer-box-inserts/,Mailer Box Inserts,Preserved verbatim from the export,Preserved,No conflict
Eco-friendly material,WooCommerce CSV export (short description / specifications),https://insertshub.com/product/mailer-box-inserts/,Mailer Box Inserts,Preserved verbatim from the export,Preserved,No conflict
Free design assistance,WooCommerce CSV export (short description / specifications),https://insertshub.com/product/candy-box-inserts/,Candy Box Inserts,Preserved verbatim from the export,Preserved,No conflict
Free shipping,WooCommerce CSV export (short description / specifications),https://insertshub.com/product/candy-box-inserts/,Candy Box Inserts,Preserved verbatim from the export,Preserved,No conflict
Fast turnaround times,WooCommerce CSV export (short description / specifications),https://insertshub.com/product/candy-box-inserts/,Candy Box Inserts,Preserved verbatim from the export,Preserved,No conflict
Custom sizes and styles available,WooCommerce CSV export (short description / specifications),https://insertshub.com/product/candy-box-inserts/,Candy Box Inserts,Preserved verbatim from the export,Preserved,No conflict
Gloss / Matte / Spot UV coating options,WooCommerce CSV export (short description / specifications),https://insertshub.com/product/candy-box-inserts/,Candy Box Inserts,Preserved verbatim from the export,Preserved,No conflict
High-quality material,WooCommerce CSV export (short description / specifications),https://insertshub.com/product/candy-box-inserts/,Candy Box Inserts,Preserved verbatim from the export,Preserved,No conflict
Printing options,WooCommerce CSV export (short description / specifications),https://insertshub.com/product/candy-box-inserts/,Candy Box Inserts,Preserved verbatim from the export,Preserved,No conflict
Recycled / recyclable material,WooCommerce CSV export (short description / specifications),https://insertshub.com/product/candy-box-inserts/,Candy Box Inserts,Preserved verbatim from the export,Preserved,No conflict
Eco-friendly material,WooCommerce CSV export (short description / specifications),https://insertshub.com/product/candy-box-inserts/,Candy Box Inserts,Preserved verbatim from the export,Preserved,No conflict
Wholesale pricing,WooCommerce CSV export (short description / specifications),https://insertshub.com/product/mini-cupcake-inserts/,Mini Cupcake Inserts,Preserved verbatim from the export,Preserved,No conflict
Free design assistance,WooCommerce CSV export (short description / specifications),https://insertshub.com/product/mini-cupcake-inserts/,Mini Cupcake Inserts,Preserved verbatim from the export,Preserved,No conflict
Fast turnaround times,WooCommerce CSV export (short description / specifications),https://insertshub.com/product/mini-cupcake-inserts/,Mini Cupcake Inserts,Preserved verbatim from the export,Preserved,No conflict
Custom sizes and styles available,WooCommerce CSV export (short description / specifications),https://insertshub.com/product/mini-cupcake-inserts/,Mini Cupcake Inserts,Preserved verbatim from the export,Preserved,No conflict
Gloss / Matte / Spot UV coating options,WooCommerce CSV export (short description / specifications),https://insertshub.com/product/mini-cupcake-inserts/,Mini Cupcake Inserts,Preserved verbatim from the export,Preserved,No conflict
High-quality material,WooCommerce CSV export (short description / specifications),https://insertshub.com/product/mini-cupcake-inserts/,Mini Cupcake Inserts,Preserved verbatim from the export,Preserved,No conflict
Printing options,WooCommerce CSV export (short description / specifications),https://insertshub.com/product/mini-cupcake-inserts/,Mini Cupcake Inserts,Preserved verbatim from the export,Preserved,No conflict
Recycled / recyclable material,WooCommerce CSV export (short description / specifications),https://insertshub.com/product/mini-cupcake-inserts/,Mini Cupcake Inserts,Preserved verbatim from the export,Preserved,No conflict
Eco-friendly material,WooCommerce CSV export (short description / specifications),https://insertshub.com/product/mini-cupcake-inserts/,Mini Cupcake Inserts,Preserved verbatim from the export,Preserved,No conflict
Free design assistance,WooCommerce CSV export (short description / specifications),https://insertshub.com/product/custom-cardboard-inserts/,Custom Cardboard Inserts,Preserved verbatim from the export,Preserved,No conflict
Fast turnaround times,WooCommerce CSV export (short description / specifications),https://insertshub.com/product/custom-cardboard-inserts/,Custom Cardboard Inserts,Preserved verbatim from the export,Preserved,No conflict
Custom sizes and styles available,WooCommerce CSV export (short description / specifications),https://insertshub.com/product/custom-cardboard-inserts/,Custom Cardboard Inserts,Preserved verbatim from the export,Preserved,No conflict
Gloss / Matte / Spot UV coating options,WooCommerce CSV export (short description / specifications),https://insertshub.com/product/custom-cardboard-inserts/,Custom Cardboard Inserts,Preserved verbatim from the export,Preserved,No conflict
High-quality material,WooCommerce CSV export (short description / specifications),https://insertshub.com/product/custom-cardboard-inserts/,Custom Cardboard Inserts,Preserved verbatim from the export,Preserved,No conflict
Printing options,WooCommerce CSV export (short description / specifications),https://insertshub.com/product/custom-cardboard-inserts/,Custom Cardboard Inserts,Preserved verbatim from the export,Preserved,No conflict
Wholesale pricing,WooCommerce CSV export (short description / specifications),https://insertshub.com/product/cardboard-divider-inserts/,Cardboard Divider Inserts,Preserved verbatim from the export,Preserved,No conflict
Free design assistance,WooCommerce CSV export (short description / specifications),https://insertshub.com/product/cardboard-divider-inserts/,Cardboard Divider Inserts,Preserved verbatim from the export,Preserved,No conflict
Fast turnaround times,WooCommerce CSV export (short description / specifications),https://insertshub.com/product/cardboard-divider-inserts/,Cardboard Divider Inserts,Preserved verbatim from the export,Preserved,No conflict
Custom sizes and styles available,WooCommerce CSV export (short description / specifications),https://insertshub.com/product/cardboard-divider-inserts/,Cardboard Divider Inserts,Preserved verbatim from the export,Preserved,No conflict
Gloss / Matte / Spot UV coating options,WooCommerce CSV export (short description / specifications),https://insertshub.com/product/cardboard-divider-inserts/,Cardboard Divider Inserts,Preserved verbatim from the export,Preserved,No conflict
High-quality material,WooCommerce CSV export (short description / specifications),https://insertshub.com/product/cardboard-divider-inserts/,Cardboard Divider Inserts,Preserved verbatim from the export,Preserved,No conflict
Printing options,WooCommerce CSV export (short description / specifications),https://insertshub.com/product/cardboard-divider-inserts/,Cardboard Divider Inserts,Preserved verbatim from the export,Preserved,No conflict
Die cutting,WooCommerce CSV export (short description / specifications),https://insertshub.com/product/cardboard-divider-inserts/,Cardboard Divider Inserts,Preserved verbatim from the export,Preserved,No conflict
Free design assistance,WooCommerce CSV export (short description / specifications),https://insertshub.com/product/pizza-box-inserts/,Pizza Box Inserts,Preserved verbatim from the export,Preserved,No conflict
Fast turnaround times,WooCommerce CSV export (short description / specifications),https://insertshub.com/product/pizza-box-inserts/,Pizza Box Inserts,Preserved verbatim from the export,Preserved,No conflict
Custom sizes and styles available,WooCommerce CSV export (short description / specifications),https://insertshub.com/product/pizza-box-inserts/,Pizza Box Inserts,Preserved verbatim from the export,Preserved,No conflict
Gloss / Matte / Spot UV coating options,WooCommerce CSV export (short description / specifications),https://insertshub.com/product/pizza-box-inserts/,Pizza Box Inserts,Preserved verbatim from the export,Preserved,No conflict
High-quality material,WooCommerce CSV export (short description / specifications),https://insertshub.com/product/pizza-box-inserts/,Pizza Box Inserts,Preserved verbatim from the export,Preserved,No conflict
Printing options,WooCommerce CSV export (short description / specifications),https://insertshub.com/product/pizza-box-inserts/,Pizza Box Inserts,Preserved verbatim from the export,Preserved,No conflict
Free design assistance,WooCommerce CSV export (short description / specifications),https://insertshub.com/product/chocolate-box-inserts/,Chocolate Box Inserts,Preserved verbatim from the export,Preserved,No conflict
Fast turnaround times,WooCommerce CSV export (short description / specifications),https://insertshub.com/product/chocolate-box-inserts/,Chocolate Box Inserts,Preserved verbatim from the export,Preserved,No conflict
Custom sizes and styles available,WooCommerce CSV export (short description / specifications),https://insertshub.com/product/chocolate-box-inserts/,Chocolate Box Inserts,Preserved verbatim from the export,Preserved,No conflict
Gloss / Matte / Spot UV coating options,WooCommerce CSV export (short description / specifications),https://insertshub.com/product/chocolate-box-inserts/,Chocolate Box Inserts,Preserved verbatim from the export,Preserved,No conflict
High-quality material,WooCommerce CSV export (short description / specifications),https://insertshub.com/product/chocolate-box-inserts/,Chocolate Box Inserts,Preserved verbatim from the export,Preserved,No conflict
Printing options,WooCommerce CSV export (short description / specifications),https://insertshub.com/product/chocolate-box-inserts/,Chocolate Box Inserts,Preserved verbatim from the export,Preserved,No conflict
Free design assistance,WooCommerce CSV export (short description / specifications),https://insertshub.com/product/foam-inserts-for-gift-boxes/,Foam Inserts For Gift Boxes,Preserved verbatim from the export,Preserved,No conflict
Fast turnaround times,WooCommerce CSV export (short description / specifications),https://insertshub.com/product/foam-inserts-for-gift-boxes/,Foam Inserts For Gift Boxes,Preserved verbatim from the export,Preserved,No conflict
Custom sizes and styles available,WooCommerce CSV export (short description / specifications),https://insertshub.com/product/foam-inserts-for-gift-boxes/,Foam Inserts For Gift Boxes,Preserved verbatim from the export,Preserved,No conflict
Gloss / Matte / Spot UV coating options,WooCommerce CSV export (short description / specifications),https://insertshub.com/product/foam-inserts-for-gift-boxes/,Foam Inserts For Gift Boxes,Preserved verbatim from the export,Preserved,No conflict
High-quality material,WooCommerce CSV export (short description / specifications),https://insertshub.com/product/foam-inserts-for-gift-boxes/,Foam Inserts For Gift Boxes,Preserved verbatim from the export,Preserved,No conflict
Printing options,WooCommerce CSV export (short description / specifications),https://insertshub.com/product/foam-inserts-for-gift-boxes/,Foam Inserts For Gift Boxes,Preserved verbatim from the export,Preserved,No conflict
Recycled / recyclable material,WooCommerce CSV export (short description / specifications),https://insertshub.com/product/foam-inserts-for-gift-boxes/,Foam Inserts For Gift Boxes,Preserved verbatim from the export,Preserved,No conflict
Eco-friendly material,WooCommerce CSV export (short description / specifications),https://insertshub.com/product/foam-inserts-for-gift-boxes/,Foam Inserts For Gift Boxes,Preserved verbatim from the export,Preserved,No conflict
Free design assistance,WooCommerce CSV export (short description / specifications),https://insertshub.com/product/cookie-boxes-with-inserts/,Cookie Boxes With Inserts,Preserved verbatim from the export,Preserved,No conflict
Free shipping,WooCommerce CSV export (short description / specifications),https://insertshub.com/product/cookie-boxes-with-inserts/,Cookie Boxes With Inserts,Preserved verbatim from the export,Preserved,No conflict
Fast turnaround times,WooCommerce CSV export (short description / specifications),https://insertshub.com/product/cookie-boxes-with-inserts/,Cookie Boxes With Inserts,Preserved verbatim from the export,Preserved,No conflict
Gloss / Matte / Spot UV coating options,WooCommerce CSV export (short description / specifications),https://insertshub.com/product/cookie-boxes-with-inserts/,Cookie Boxes With Inserts,Preserved verbatim from the export,Preserved,No conflict
High-quality material,WooCommerce CSV export (short description / specifications),https://insertshub.com/product/cookie-boxes-with-inserts/,Cookie Boxes With Inserts,Preserved verbatim from the export,Preserved,No conflict
Printing options,WooCommerce CSV export (short description / specifications),https://insertshub.com/product/cookie-boxes-with-inserts/,Cookie Boxes With Inserts,Preserved verbatim from the export,Preserved,No conflict
Recycled / recyclable material,WooCommerce CSV export (short description / specifications),https://insertshub.com/product/cookie-boxes-with-inserts/,Cookie Boxes With Inserts,Preserved verbatim from the export,Preserved,No conflict
Eco-friendly material,WooCommerce CSV export (short description / specifications),https://insertshub.com/product/cookie-boxes-with-inserts/,Cookie Boxes With Inserts,Preserved verbatim from the export,Preserved,No conflict
Free design assistance,WooCommerce CSV export (short description / specifications),https://insertshub.com/product/truffle-boxes-with-inserts/,Truffle Boxes With Inserts,Preserved verbatim from the export,Preserved,No conflict
Fast turnaround times,WooCommerce CSV export (short description / specifications),https://insertshub.com/product/truffle-boxes-with-inserts/,Truffle Boxes With Inserts,Preserved verbatim from the export,Preserved,No conflict
Custom sizes and styles available,WooCommerce CSV export (short description / specifications),https://insertshub.com/product/truffle-boxes-with-inserts/,Truffle Boxes With Inserts,Preserved verbatim from the export,Preserved,No conflict
Gloss / Matte / Spot UV coating options,WooCommerce CSV export (short description / specifications),https://insertshub.com/product/truffle-boxes-with-inserts/,Truffle Boxes With Inserts,Preserved verbatim from the export,Preserved,No conflict
High-quality material,WooCommerce CSV export (short description / specifications),https://insertshub.com/product/truffle-boxes-with-inserts/,Truffle Boxes With Inserts,Preserved verbatim from the export,Preserved,No conflict
Printing options,WooCommerce CSV export (short description / specifications),https://insertshub.com/product/truffle-boxes-with-inserts/,Truffle Boxes With Inserts,Preserved verbatim from the export,Preserved,No conflict
Free design assistance,WooCommerce CSV export (short description / specifications),https://insertshub.com/product/custom-paperboard-inserts/,Custom Paperboard Inserts,Preserved verbatim from the export,Preserved,No conflict
Fast turnaround times,WooCommerce CSV export (short description / specifications),https://insertshub.com/product/custom-paperboard-inserts/,Custom Paperboard Inserts,Preserved verbatim from the export,Preserved,No conflict
Custom sizes and styles available,WooCommerce CSV export (short description / specifications),https://insertshub.com/product/custom-paperboard-inserts/,Custom Paperboard Inserts,Preserved verbatim from the export,Preserved,No conflict
Gloss / Matte / Spot UV coating options,WooCommerce CSV export (short description / specifications),https://insertshub.com/product/custom-paperboard-inserts/,Custom Paperboard Inserts,Preserved verbatim from the export,Preserved,No conflict
High-quality material,WooCommerce CSV export (short description / specifications),https://insertshub.com/product/custom-paperboard-inserts/,Custom Paperboard Inserts,Preserved verbatim from the export,Preserved,No conflict
Printing options,WooCommerce CSV export (short description / specifications),https://insertshub.com/product/custom-paperboard-inserts/,Custom Paperboard Inserts,Preserved verbatim from the export,Preserved,No conflict
Wholesale pricing,WooCommerce CSV export (short description / specifications),https://insertshub.com/product/custom-corrugated-cardboard-inserts/,Custom Corrugated Cardboard Inserts,Preserved verbatim from the export,Preserved,No conflict
Free design assistance,WooCommerce CSV export (short description / specifications),https://insertshub.com/product/custom-corrugated-cardboard-inserts/,Custom Corrugated Cardboard Inserts,Preserved verbatim from the export,Preserved,No conflict
Free shipping,WooCommerce CSV export (short description / specifications),https://insertshub.com/product/custom-corrugated-cardboard-inserts/,Custom Corrugated Cardboard Inserts,Preserved verbatim from the export,Preserved,No conflict
Fast turnaround times,WooCommerce CSV export (short description / specifications),https://insertshub.com/product/custom-corrugated-cardboard-inserts/,Custom Corrugated Cardboard Inserts,Preserved verbatim from the export,Preserved,No conflict
Gloss / Matte / Spot UV coating options,WooCommerce CSV export (short description / specifications),https://insertshub.com/product/custom-corrugated-cardboard-inserts/,Custom Corrugated Cardboard Inserts,Preserved verbatim from the export,Preserved,No conflict
High-quality material,WooCommerce CSV export (short description / specifications),https://insertshub.com/product/custom-corrugated-cardboard-inserts/,Custom Corrugated Cardboard Inserts,Preserved verbatim from the export,Preserved,No conflict
Printing options,WooCommerce CSV export (short description / specifications),https://insertshub.com/product/custom-corrugated-cardboard-inserts/,Custom Corrugated Cardboard Inserts,Preserved verbatim from the export,Preserved,No conflict
Recycled / recyclable material,WooCommerce CSV export (short description / specifications),https://insertshub.com/product/custom-corrugated-cardboard-inserts/,Custom Corrugated Cardboard Inserts,Preserved verbatim from the export,Preserved,No conflict
Eco-friendly material,WooCommerce CSV export (short description / specifications),https://insertshub.com/product/custom-corrugated-cardboard-inserts/,Custom Corrugated Cardboard Inserts,Preserved verbatim from the export,Preserved,No conflict
Free design assistance,WooCommerce CSV export (short description / specifications),https://insertshub.com/product/custom-kraft-paper-inserts/,Custom Kraft Paper Inserts,Preserved verbatim from the export,Preserved,No conflict
Free shipping,WooCommerce CSV export (short description / specifications),https://insertshub.com/product/custom-kraft-paper-inserts/,Custom Kraft Paper Inserts,Preserved verbatim from the export,Preserved,No conflict
Fast turnaround times,WooCommerce CSV export (short description / specifications),https://insertshub.com/product/custom-kraft-paper-inserts/,Custom Kraft Paper Inserts,Preserved verbatim from the export,Preserved,No conflict
Custom sizes and styles available,WooCommerce CSV export (short description / specifications),https://insertshub.com/product/custom-kraft-paper-inserts/,Custom Kraft Paper Inserts,Preserved verbatim from the export,Preserved,No conflict
Gloss / Matte / Spot UV coating options,WooCommerce CSV export (short description / specifications),https://insertshub.com/product/custom-kraft-paper-inserts/,Custom Kraft Paper Inserts,Preserved verbatim from the export,Preserved,No conflict
High-quality material,WooCommerce CSV export (short description / specifications),https://insertshub.com/product/custom-kraft-paper-inserts/,Custom Kraft Paper Inserts,Preserved verbatim from the export,Preserved,No conflict
Printing options,WooCommerce CSV export (short description / specifications),https://insertshub.com/product/custom-kraft-paper-inserts/,Custom Kraft Paper Inserts,Preserved verbatim from the export,Preserved,No conflict
Recycled / recyclable material,WooCommerce CSV export (short description / specifications),https://insertshub.com/product/custom-kraft-paper-inserts/,Custom Kraft Paper Inserts,Preserved verbatim from the export,Preserved,No conflict
Eco-friendly material,WooCommerce CSV export (short description / specifications),https://insertshub.com/product/custom-kraft-paper-inserts/,Custom Kraft Paper Inserts,Preserved verbatim from the export,Preserved,No conflict
Free design assistance,WooCommerce CSV export (short description / specifications),https://insertshub.com/product/product-packaging-inserts/,Product Packaging Inserts,Preserved verbatim from the export,Preserved,No conflict
Fast turnaround times,WooCommerce CSV export (short description / specifications),https://insertshub.com/product/product-packaging-inserts/,Product Packaging Inserts,Preserved verbatim from the export,Preserved,No conflict
Gloss / Matte / Spot UV coating options,WooCommerce CSV export (short description / specifications),https://insertshub.com/product/product-packaging-inserts/,Product Packaging Inserts,Preserved verbatim from the export,Preserved,No conflict
High-quality material,WooCommerce CSV export (short description / specifications),https://insertshub.com/product/product-packaging-inserts/,Product Packaging Inserts,Preserved verbatim from the export,Preserved,No conflict
Printing options,WooCommerce CSV export (short description / specifications),https://insertshub.com/product/product-packaging-inserts/,Product Packaging Inserts,Preserved verbatim from the export,Preserved,No conflict
Recycled / recyclable material,WooCommerce CSV export (short description / specifications),https://insertshub.com/product/product-packaging-inserts/,Product Packaging Inserts,Preserved verbatim from the export,Preserved,No conflict
Free design assistance,WooCommerce CSV export (short description / specifications),https://insertshub.com/product/die-cut-inserts/,Die Cut Inserts,Preserved verbatim from the export,Preserved,No conflict
Fast turnaround times,WooCommerce CSV export (short description / specifications),https://insertshub.com/product/die-cut-inserts/,Die Cut Inserts,Preserved verbatim from the export,Preserved,No conflict
Gloss / Matte / Spot UV coating options,WooCommerce CSV export (short description / specifications),https://insertshub.com/product/die-cut-inserts/,Die Cut Inserts,Preserved verbatim from the export,Preserved,No conflict
High-quality material,WooCommerce CSV export (short description / specifications),https://insertshub.com/product/die-cut-inserts/,Die Cut Inserts,Preserved verbatim from the export,Preserved,No conflict
Printing options,WooCommerce CSV export (short description / specifications),https://insertshub.com/product/die-cut-inserts/,Die Cut Inserts,Preserved verbatim from the export,Preserved,No conflict
Recycled / recyclable material,WooCommerce CSV export (short description / specifications),https://insertshub.com/product/die-cut-inserts/,Die Cut Inserts,Preserved verbatim from the export,Preserved,No conflict
Die cutting,WooCommerce CSV export (short description / specifications),https://insertshub.com/product/die-cut-inserts/,Die Cut Inserts,Preserved verbatim from the export,Preserved,No conflict
Free design assistance,WooCommerce CSV export (short description / specifications),https://insertshub.com/product/cardboard-inserts-for-bags/,Cardboard Inserts For Bags,Preserved verbatim from the export,Preserved,No conflict
Fast turnaround times,WooCommerce CSV export (short description / specifications),https://insertshub.com/product/cardboard-inserts-for-bags/,Cardboard Inserts For Bags,Preserved verbatim from the export,Preserved,No conflict
Custom sizes and styles available,WooCommerce CSV export (short description / specifications),https://insertshub.com/product/cardboard-inserts-for-bags/,Cardboard Inserts For Bags,Preserved verbatim from the export,Preserved,No conflict
Gloss / Matte / Spot UV coating options,WooCommerce CSV export (short description / specifications),https://insertshub.com/product/cardboard-inserts-for-bags/,Cardboard Inserts For Bags,Preserved verbatim from the export,Preserved,No conflict
High-quality material,WooCommerce CSV export (short description / specifications),https://insertshub.com/product/cardboard-inserts-for-bags/,Cardboard Inserts For Bags,Preserved verbatim from the export,Preserved,No conflict
Printing options,WooCommerce CSV export (short description / specifications),https://insertshub.com/product/cardboard-inserts-for-bags/,Cardboard Inserts For Bags,Preserved verbatim from the export,Preserved,No conflict
Recycled / recyclable material,WooCommerce CSV export (short description / specifications),https://insertshub.com/product/cardboard-inserts-for-bags/,Cardboard Inserts For Bags,Preserved verbatim from the export,Preserved,No conflict
Free design assistance,WooCommerce CSV export (short description / specifications),https://insertshub.com/product/custom-plastic-inserts/,Custom Plastic Inserts,Preserved verbatim from the export,Preserved,No conflict
Fast turnaround times,WooCommerce CSV export (short description / specifications),https://insertshub.com/product/custom-plastic-inserts/,Custom Plastic Inserts,Preserved verbatim from the export,Preserved,No conflict
Custom sizes and styles available,WooCommerce CSV export (short description / specifications),https://insertshub.com/product/custom-plastic-inserts/,Custom Plastic Inserts,Preserved verbatim from the export,Preserved,No conflict
Gloss / Matte / Spot UV coating options,WooCommerce CSV export (short description / specifications),https://insertshub.com/product/custom-plastic-inserts/,Custom Plastic Inserts,Preserved verbatim from the export,Preserved,No conflict
High-quality material,WooCommerce CSV export (short description / specifications),https://insertshub.com/product/custom-plastic-inserts/,Custom Plastic Inserts,Preserved verbatim from the export,Preserved,No conflict
Printing options,WooCommerce CSV export (short description / specifications),https://insertshub.com/product/custom-plastic-inserts/,Custom Plastic Inserts,Preserved verbatim from the export,Preserved,No conflict
Recycled / recyclable material,WooCommerce CSV export (short description / specifications),https://insertshub.com/product/custom-plastic-inserts/,Custom Plastic Inserts,Preserved verbatim from the export,Preserved,No conflict
Moisture-resistant coating,WooCommerce CSV export (short description / specifications),https://insertshub.com/product/custom-plastic-inserts/,Custom Plastic Inserts,Preserved verbatim from the export,Preserved,No conflict
Anti-static treatment,WooCommerce CSV export (short description / specifications),https://insertshub.com/product/custom-plastic-inserts/,Custom Plastic Inserts,Preserved verbatim from the export,Preserved,No conflict
Free design assistance,WooCommerce CSV export (short description / specifications),https://insertshub.com/product/carton-inserts/,Carton Inserts,Preserved verbatim from the export,Preserved,No conflict
Fast turnaround times,WooCommerce CSV export (short description / specifications),https://insertshub.com/product/carton-inserts/,Carton Inserts,Preserved verbatim from the export,Preserved,No conflict
Custom sizes and styles available,WooCommerce CSV export (short description / specifications),https://insertshub.com/product/carton-inserts/,Carton Inserts,Preserved verbatim from the export,Preserved,No conflict
Gloss / Matte / Spot UV coating options,WooCommerce CSV export (short description / specifications),https://insertshub.com/product/carton-inserts/,Carton Inserts,Preserved verbatim from the export,Preserved,No conflict
High-quality material,WooCommerce CSV export (short description / specifications),https://insertshub.com/product/carton-inserts/,Carton Inserts,Preserved verbatim from the export,Preserved,No conflict
Printing options,WooCommerce CSV export (short description / specifications),https://insertshub.com/product/carton-inserts/,Carton Inserts,Preserved verbatim from the export,Preserved,No conflict
Die cutting,WooCommerce CSV export (short description / specifications),https://insertshub.com/product/carton-inserts/,Carton Inserts,Preserved verbatim from the export,Preserved,No conflict
Free design assistance,WooCommerce CSV export (short description / specifications),https://insertshub.com/product/custom-boxes-with-foam-inserts/,Custom Boxes With Foam Inserts,Preserved verbatim from the export,Preserved,No conflict
Fast turnaround times,WooCommerce CSV export (short description / specifications),https://insertshub.com/product/custom-boxes-with-foam-inserts/,Custom Boxes With Foam Inserts,Preserved verbatim from the export,Preserved,No conflict
Custom sizes and styles available,WooCommerce CSV export (short description / specifications),https://insertshub.com/product/custom-boxes-with-foam-inserts/,Custom Boxes With Foam Inserts,Preserved verbatim from the export,Preserved,No conflict
Gloss / Matte / Spot UV coating options,WooCommerce CSV export (short description / specifications),https://insertshub.com/product/custom-boxes-with-foam-inserts/,Custom Boxes With Foam Inserts,Preserved verbatim from the export,Preserved,No conflict
High-quality material,WooCommerce CSV export (short description / specifications),https://insertshub.com/product/custom-boxes-with-foam-inserts/,Custom Boxes With Foam Inserts,Preserved verbatim from the export,Preserved,No conflict
Printing options,WooCommerce CSV export (short description / specifications),https://insertshub.com/product/custom-boxes-with-foam-inserts/,Custom Boxes With Foam Inserts,Preserved verbatim from the export,Preserved,No conflict
Recycled / recyclable material,WooCommerce CSV export (short description / specifications),https://insertshub.com/product/custom-boxes-with-foam-inserts/,Custom Boxes With Foam Inserts,Preserved verbatim from the export,Preserved,No conflict
Eco-friendly material,WooCommerce CSV export (short description / specifications),https://insertshub.com/product/custom-boxes-with-foam-inserts/,Custom Boxes With Foam Inserts,Preserved verbatim from the export,Preserved,No conflict
Anti-static treatment,WooCommerce CSV export (short description / specifications),https://insertshub.com/product/custom-boxes-with-foam-inserts/,Custom Boxes With Foam Inserts,Preserved verbatim from the export,Preserved,No conflict
Free design assistance,WooCommerce CSV export (short description / specifications),https://insertshub.com/product/molded-pulp-inserts/,Molded Pulp Inserts,Preserved verbatim from the export,Preserved,No conflict
Recycled / recyclable material,WooCommerce CSV export (short description / specifications),https://insertshub.com/product/molded-pulp-inserts/,Molded Pulp Inserts,Preserved verbatim from the export,Preserved,No conflict
Moisture-resistant coating,WooCommerce CSV export (short description / specifications),https://insertshub.com/product/molded-pulp-inserts/,Molded Pulp Inserts,Preserved verbatim from the export,Preserved,No conflict
Free design assistance,WooCommerce CSV export (short description / specifications),https://insertshub.com/product/corrugated-inserts/,Corrugated Inserts,Preserved verbatim from the export,Preserved,No conflict
Fast turnaround times,WooCommerce CSV export (short description / specifications),https://insertshub.com/product/corrugated-inserts/,Corrugated Inserts,Preserved verbatim from the export,Preserved,No conflict
Custom sizes and styles available,WooCommerce CSV export (short description / specifications),https://insertshub.com/product/corrugated-inserts/,Corrugated Inserts,Preserved verbatim from the export,Preserved,No conflict
Gloss / Matte / Spot UV coating options,WooCommerce CSV export (short description / specifications),https://insertshub.com/product/corrugated-inserts/,Corrugated Inserts,Preserved verbatim from the export,Preserved,No conflict
High-quality material,WooCommerce CSV export (short description / specifications),https://insertshub.com/product/corrugated-inserts/,Corrugated Inserts,Preserved verbatim from the export,Preserved,No conflict
Printing options,WooCommerce CSV export (short description / specifications),https://insertshub.com/product/corrugated-inserts/,Corrugated Inserts,Preserved verbatim from the export,Preserved,No conflict
Wholesale pricing,WooCommerce CSV export (short description / specifications),https://insertshub.com/product/die-cut-cardboard-inserts/,Die Cut Cardboard Inserts,Preserved verbatim from the export,Preserved,No conflict
Free design assistance,WooCommerce CSV export (short description / specifications),https://insertshub.com/product/die-cut-cardboard-inserts/,Die Cut Cardboard Inserts,Preserved verbatim from the export,Preserved,No conflict
Free shipping,WooCommerce CSV export (short description / specifications),https://insertshub.com/product/die-cut-cardboard-inserts/,Die Cut Cardboard Inserts,Preserved verbatim from the export,Preserved,No conflict
Fast turnaround times,WooCommerce CSV export (short description / specifications),https://insertshub.com/product/die-cut-cardboard-inserts/,Die Cut Cardboard Inserts,Preserved verbatim from the export,Preserved,No conflict
Custom sizes and styles available,WooCommerce CSV export (short description / specifications),https://insertshub.com/product/die-cut-cardboard-inserts/,Die Cut Cardboard Inserts,Preserved verbatim from the export,Preserved,No conflict
Gloss / Matte / Spot UV coating options,WooCommerce CSV export (short description / specifications),https://insertshub.com/product/die-cut-cardboard-inserts/,Die Cut Cardboard Inserts,Preserved verbatim from the export,Preserved,No conflict
High-quality material,WooCommerce CSV export (short description / specifications),https://insertshub.com/product/die-cut-cardboard-inserts/,Die Cut Cardboard Inserts,Preserved verbatim from the export,Preserved,No conflict
Printing options,WooCommerce CSV export (short description / specifications),https://insertshub.com/product/die-cut-cardboard-inserts/,Die Cut Cardboard Inserts,Preserved verbatim from the export,Preserved,No conflict
Recycled / recyclable material,WooCommerce CSV export (short description / specifications),https://insertshub.com/product/die-cut-cardboard-inserts/,Die Cut Cardboard Inserts,Preserved verbatim from the export,Preserved,No conflict
Die cutting,WooCommerce CSV export (short description / specifications),https://insertshub.com/product/die-cut-cardboard-inserts/,Die Cut Cardboard Inserts,Preserved verbatim from the export,Preserved,No conflict
Wholesale pricing,WooCommerce CSV export (short description / specifications),https://insertshub.com/product/kraft-cardboard-inserts/,Kraft Cardboard Inserts,Preserved verbatim from the export,Preserved,No conflict
Free design assistance,WooCommerce CSV export (short description / specifications),https://insertshub.com/product/kraft-cardboard-inserts/,Kraft Cardboard Inserts,Preserved verbatim from the export,Preserved,No conflict
Free shipping,WooCommerce CSV export (short description / specifications),https://insertshub.com/product/kraft-cardboard-inserts/,Kraft Cardboard Inserts,Preserved verbatim from the export,Preserved,No conflict
Fast turnaround times,WooCommerce CSV export (short description / specifications),https://insertshub.com/product/kraft-cardboard-inserts/,Kraft Cardboard Inserts,Preserved verbatim from the export,Preserved,No conflict
Custom sizes and styles available,WooCommerce CSV export (short description / specifications),https://insertshub.com/product/kraft-cardboard-inserts/,Kraft Cardboard Inserts,Preserved verbatim from the export,Preserved,No conflict
Gloss / Matte / Spot UV coating options,WooCommerce CSV export (short description / specifications),https://insertshub.com/product/kraft-cardboard-inserts/,Kraft Cardboard Inserts,Preserved verbatim from the export,Preserved,No conflict
High-quality material,WooCommerce CSV export (short description / specifications),https://insertshub.com/product/kraft-cardboard-inserts/,Kraft Cardboard Inserts,Preserved verbatim from the export,Preserved,No conflict
Printing options,WooCommerce CSV export (short description / specifications),https://insertshub.com/product/kraft-cardboard-inserts/,Kraft Cardboard Inserts,Preserved verbatim from the export,Preserved,No conflict
Recycled / recyclable material,WooCommerce CSV export (short description / specifications),https://insertshub.com/product/kraft-cardboard-inserts/,Kraft Cardboard Inserts,Preserved verbatim from the export,Preserved,No conflict
Die cutting,WooCommerce CSV export (short description / specifications),https://insertshub.com/product/kraft-cardboard-inserts/,Kraft Cardboard Inserts,Preserved verbatim from the export,Preserved,No conflict
Wholesale pricing,WooCommerce CSV export (short description / specifications),https://insertshub.com/product/white-cardboard-inserts/,White Cardboard Inserts,Preserved verbatim from the export,Preserved,No conflict
Free design assistance,WooCommerce CSV export (short description / specifications),https://insertshub.com/product/white-cardboard-inserts/,White Cardboard Inserts,Preserved verbatim from the export,Preserved,No conflict
Free shipping,WooCommerce CSV export (short description / specifications),https://insertshub.com/product/white-cardboard-inserts/,White Cardboard Inserts,Preserved verbatim from the export,Preserved,No conflict
Fast turnaround times,WooCommerce CSV export (short description / specifications),https://insertshub.com/product/white-cardboard-inserts/,White Cardboard Inserts,Preserved verbatim from the export,Preserved,No conflict
Custom sizes and styles available,WooCommerce CSV export (short description / specifications),https://insertshub.com/product/white-cardboard-inserts/,White Cardboard Inserts,Preserved verbatim from the export,Preserved,No conflict
Gloss / Matte / Spot UV coating options,WooCommerce CSV export (short description / specifications),https://insertshub.com/product/white-cardboard-inserts/,White Cardboard Inserts,Preserved verbatim from the export,Preserved,No conflict
High-quality material,WooCommerce CSV export (short description / specifications),https://insertshub.com/product/white-cardboard-inserts/,White Cardboard Inserts,Preserved verbatim from the export,Preserved,No conflict
Printing options,WooCommerce CSV export (short description / specifications),https://insertshub.com/product/white-cardboard-inserts/,White Cardboard Inserts,Preserved verbatim from the export,Preserved,No conflict
Recycled / recyclable material,WooCommerce CSV export (short description / specifications),https://insertshub.com/product/white-cardboard-inserts/,White Cardboard Inserts,Preserved verbatim from the export,Preserved,No conflict
Die cutting,WooCommerce CSV export (short description / specifications),https://insertshub.com/product/white-cardboard-inserts/,White Cardboard Inserts,Preserved verbatim from the export,Preserved,No conflict
Wholesale pricing,WooCommerce CSV export (short description / specifications),https://insertshub.com/product/rigid-box-cardboard-inserts/,Rigid Box Cardboard Inserts,Preserved verbatim from the export,Preserved,No conflict
Free design assistance,WooCommerce CSV export (short description / specifications),https://insertshub.com/product/rigid-box-cardboard-inserts/,Rigid Box Cardboard Inserts,Preserved verbatim from the export,Preserved,No conflict
Free shipping,WooCommerce CSV export (short description / specifications),https://insertshub.com/product/rigid-box-cardboard-inserts/,Rigid Box Cardboard Inserts,Preserved verbatim from the export,Preserved,No conflict
Fast turnaround times,WooCommerce CSV export (short description / specifications),https://insertshub.com/product/rigid-box-cardboard-inserts/,Rigid Box Cardboard Inserts,Preserved verbatim from the export,Preserved,No conflict
Custom sizes and styles available,WooCommerce CSV export (short description / specifications),https://insertshub.com/product/rigid-box-cardboard-inserts/,Rigid Box Cardboard Inserts,Preserved verbatim from the export,Preserved,No conflict
Gloss / Matte / Spot UV coating options,WooCommerce CSV export (short description / specifications),https://insertshub.com/product/rigid-box-cardboard-inserts/,Rigid Box Cardboard Inserts,Preserved verbatim from the export,Preserved,No conflict
High-quality material,WooCommerce CSV export (short description / specifications),https://insertshub.com/product/rigid-box-cardboard-inserts/,Rigid Box Cardboard Inserts,Preserved verbatim from the export,Preserved,No conflict
Printing options,WooCommerce CSV export (short description / specifications),https://insertshub.com/product/rigid-box-cardboard-inserts/,Rigid Box Cardboard Inserts,Preserved verbatim from the export,Preserved,No conflict
Recycled / recyclable material,WooCommerce CSV export (short description / specifications),https://insertshub.com/product/rigid-box-cardboard-inserts/,Rigid Box Cardboard Inserts,Preserved verbatim from the export,Preserved,No conflict
Die cutting,WooCommerce CSV export (short description / specifications),https://insertshub.com/product/rigid-box-cardboard-inserts/,Rigid Box Cardboard Inserts,Preserved verbatim from the export,Preserved,No conflict
Wholesale pricing,WooCommerce CSV export (short description / specifications),https://insertshub.com/product/cardboard-box-divider-inserts/,Cardboard Box Divider Inserts,Preserved verbatim from the export,Preserved,No conflict
Free design assistance,WooCommerce CSV export (short description / specifications),https://insertshub.com/product/cardboard-box-divider-inserts/,Cardboard Box Divider Inserts,Preserved verbatim from the export,Preserved,No conflict
Free shipping,WooCommerce CSV export (short description / specifications),https://insertshub.com/product/cardboard-box-divider-inserts/,Cardboard Box Divider Inserts,Preserved verbatim from the export,Preserved,No conflict
Fast turnaround times,WooCommerce CSV export (short description / specifications),https://insertshub.com/product/cardboard-box-divider-inserts/,Cardboard Box Divider Inserts,Preserved verbatim from the export,Preserved,No conflict
Custom sizes and styles available,WooCommerce CSV export (short description / specifications),https://insertshub.com/product/cardboard-box-divider-inserts/,Cardboard Box Divider Inserts,Preserved verbatim from the export,Preserved,No conflict
Gloss / Matte / Spot UV coating options,WooCommerce CSV export (short description / specifications),https://insertshub.com/product/cardboard-box-divider-inserts/,Cardboard Box Divider Inserts,Preserved verbatim from the export,Preserved,No conflict
High-quality material,WooCommerce CSV export (short description / specifications),https://insertshub.com/product/cardboard-box-divider-inserts/,Cardboard Box Divider Inserts,Preserved verbatim from the export,Preserved,No conflict
Printing options,WooCommerce CSV export (short description / specifications),https://insertshub.com/product/cardboard-box-divider-inserts/,Cardboard Box Divider Inserts,Preserved verbatim from the export,Preserved,No conflict
Recycled / recyclable material,WooCommerce CSV export (short description / specifications),https://insertshub.com/product/cardboard-box-divider-inserts/,Cardboard Box Divider Inserts,Preserved verbatim from the export,Preserved,No conflict
Die cutting,WooCommerce CSV export (short description / specifications),https://insertshub.com/product/cardboard-box-divider-inserts/,Cardboard Box Divider Inserts,Preserved verbatim from the export,Preserved,No conflict
