URL,Type,Title,H1,Meta description,Body characters,Indexable,Source
https://insertshub.com/about-us/,page,About Us - Inserts Hub,About Us,"Learn about Inserts Hub, a wholesale supplier of custom packaging inserts for businesses of every size.",2324,"index,follow",WordPress XML export (rendered snapshot)
https://insertshub.com/contact-us/,page,Contact Inserts Hub | Custom Packaging Inserts,We’re Here to Help!,"Contact Inserts Hub for custom cardboard, corrugated, foam, kraft, paperboard, molded pulp inserts, trays, dividers, and holders.",546,"index,follow",WordPress XML export (rendered snapshot)
https://insertshub.com/privacy-policy/,page,Privacy Policy - Inserts Hub,Privacy Policy,"How Inserts Hub collects, uses and protects the information you share with us.",3317,"index,follow",WordPress XML export (rendered snapshot)
https://insertshub.com/refund_returns/,page,Refund and Returns Policy - Inserts Hub,Refund and Returns Policy,Read the Inserts Hub refund and returns policy for custom packaging insert orders.,1684,"index,follow",WordPress XML export (rendered snapshot)
https://insertshub.com/terms-conditions/,page,Terms & Conditions - Inserts Hub,Terms & Conditions,The terms and conditions that apply to orders placed with Inserts Hub.,4179,"index,follow",WordPress XML export (rendered snapshot)
https://insertshub.com/thank-you/,page,Thank You - Inserts Hub,Thank you,Thank you for contacting Inserts Hub. Our team will reply to your enquiry shortly.,0,"noindex,follow",WordPress XML export (rendered snapshot)
https://insertshub.com/product/custom-foam-inserts/,product,Custom Printed Foam Inserts Boxes with Logo | Inserts Hub,Custom Foam Inserts,"Looking for custom foam inserts? Inserts Hub offers wholesale pricing, free design, and various printing options. Quote Now!",11119,"index,follow",WooCommerce CSV export
https://insertshub.com/product/cupcake-boxes-with-inserts/,product,Wholesale Cupcake Boxes With Inserts | Inserts Hub,Cupcake Boxes With Inserts,"Wholesale cupcake boxes with inserts for bakery businesses. High-quality materials, fast turnaround times, and competitive pricing.",11968,"index,follow",WooCommerce CSV export
https://insertshub.com/product/cardboard-box-inserts/,product,Custom Cardboard Box Inserts At Packaging | Inserts Hub,Cardboard Box Inserts,"Custom cardboard box inserts for product protection and branding. Wholesale pricing, fast turnaround, free design. Quote Us.",12339,"index,follow",WooCommerce CSV export
https://insertshub.com/product/box-divider-inserts/,product,Get Custom Box Divider Inserts Print & Packaging | Inserts Hub,Box Divider Inserts,Keep your packages neat and organized with our durable box divider inserts. Customize your packaging to fit any product size and shape.,13292,"index,follow",WooCommerce CSV export
https://insertshub.com/product/candle-boxes-with-inserts/,product,Candle Boxes With Inserts at Wholesale Rates | Inserts Hub,Candle Boxes With Inserts,Custom candle boxes with inserts at wholesale prices. Protect and showcase your candles with high-quality packaging. Quote Now.,14184,"index,follow",WooCommerce CSV export
https://insertshub.com/product/mailer-box-inserts/,product,Custom Mailer Box Inserts Wholesale Price | Inserts Hub,Mailer Box Inserts,"Enhance your packaging with custom Mailer Box Inserts. High-quality materials, fast turnaround, and free design services. Order now!",11743,"index,follow",WooCommerce CSV export
https://insertshub.com/product/candy-box-inserts/,product,Buy Custom Candy Box Inserts | Inserts Hub,Candy Box Inserts,"Custom candy box inserts at wholesale prices. Free design, fast turnaround, and high-quality materials. Enhance your packaging today.",12148,"index,follow",WooCommerce CSV export
https://insertshub.com/product/mini-cupcake-inserts/,product,Order Custom Mini Cupcake Boxes and Inserts | Inserts Hub,Mini Cupcake Inserts,"Wholesale Mini Cupcake Inserts: High-Quality Inserts for Your Cupcakes. Custom sizes, styles, & coatings.Inserts Hub offers various options & fast delivery.",10148,"index,follow",WooCommerce CSV export
https://insertshub.com/product/custom-cardboard-inserts/,product,Buy Custom Cardboard Inserts | Inserts Hub,Custom Cardboard Inserts,Looking for custom packaging solutions? Inserts Hub provides custom cardboard inserts tailored to your specific needs. Order today.,10925,"index,follow",WooCommerce CSV export
https://insertshub.com/product/cardboard-divider-inserts/,product,Get Cardboard Divider Inserts | Inserts Hub,Cardboard Divider Inserts,"High-quality cardboard divider inserts for packaging. Customizable sizes, styles, and coatings. Fast turnaround times. Order now!",12962,"index,follow",WooCommerce CSV export
https://insertshub.com/product/pizza-box-inserts/,product,"Get Custom Pizza Box Inserts, Wholesale Price | Inserts Hub",Pizza Box Inserts,"Order now and get free design, fast shipping, and various printing options for your pizza boxes. Fast turnaround, free design, and multiple coating options.",11711,"index,follow",WooCommerce CSV export
https://insertshub.com/product/chocolate-box-inserts/,product,Get Chocolate Box Inserts Prints & Packaging| Inserts Hub,Chocolate Box Inserts,"Custom chocolate box inserts for a luxurious unboxing experience. High-quality materials, fast turnaround, and free design services.",12666,"index,follow",WooCommerce CSV export
https://insertshub.com/product/foam-inserts-for-gift-boxes/,product,"Foam Inserts For Gift Boxes Wholesale, Packaging | Inserts Hub",Foam Inserts For Gift Boxes,"Custom foam inserts for gift boxes at wholesale prices. Protect and showcase your products with high-quality, custom-fit packaging.",14477,"index,follow",WooCommerce CSV export
https://insertshub.com/product/cookie-boxes-with-inserts/,product,Order Cookie Boxes With Inserts & Packaging | Inserts Hub,Cookie Boxes With Inserts,"Wholesale cookie boxes with inserts. Choose from various sizes, styles, and printing options. Get your free quote at Inserts Hub.",12317,"index,follow",WooCommerce CSV export
https://insertshub.com/product/truffle-boxes-with-inserts/,product,Order Truffle Boxes With Inserts & Packaging | Inserts Hub,Truffle Boxes With Inserts,"Shop custom Truffle Boxes with inserts for secure packaging. Durable materials, stylish designs, and a range of coating options.",13994,"index,follow",WooCommerce CSV export
https://insertshub.com/product/custom-paperboard-inserts/,product,Buy Custom Paperboard Inserts Wholesale Price | Inserts Hub,Custom Paperboard Inserts,"Customize your inserts with the Inserts Hub. Get free design, shipping, and competitive pricing on wholesale paperboard inserts.",11645,"index,follow",WooCommerce CSV export
https://insertshub.com/product/custom-corrugated-cardboard-inserts/,product,Get Custom Corrugated Cardboard Inserts In Bulk | Inserts Hub,Custom Corrugated Cardboard Inserts,"Custom corrugated cardboard inserts for product packaging. Wholesale prices, various coating options, fast turnaround. Order now!",13604,"index,follow",WooCommerce CSV export
https://insertshub.com/product/custom-kraft-paper-inserts/,product,Custom Kraft Paper Inserts Wholesale & packaging | Inserts Hub,Custom Kraft Paper Inserts,"Elevate your packaging with custom kraft paper inserts. High-quality, eco-friendly, and customizable to fit your brand. Quote Now!",14969,"index,follow",WooCommerce CSV export
https://insertshub.com/product/product-packaging-inserts/,product,Custom Product Packaging Inserts | Wholesale & Design,Product Packaging Inserts,Custom Product Packaging Inserts prevent damage and secure products like electronics/cosmetics. Wholesale supply and free design support.,10306,"index,follow",WooCommerce CSV export
https://insertshub.com/product/die-cut-inserts/,product,Custom Die Cut Inserts for Packaging | Inserts Hub,Die Cut Inserts,"Precision Die Cut Inserts secure fragile products in packaging inserts, eliminating damage. Custom design and quick supply available.",10639,"index,follow",WooCommerce CSV export
https://insertshub.com/product/cardboard-inserts-for-bags/,product,Cardboard Inserts for Bags Wholesale Sizing | inserts hub,Cardboard Inserts For Bags,"Cardboard Inserts For Bags prevent creasing/folding for apparel, textiles, and prints. Wholesale supply, custom sizing, and fast fulfillment.",10463,"index,follow",WooCommerce CSV export
https://insertshub.com/product/custom-plastic-inserts/,product,Custom Plastic Inserts For Food Grade | Inserts Hub,Custom Plastic Inserts,"Custom Plastic Inserts secure sensitive products with precision, visibility, and moisture resistance. Ideal for food-grade and wholesale orders.",10454,"index,follow",WooCommerce CSV export
https://insertshub.com/product/carton-inserts/,product,Custom Carton Inserts Wholesale & Packaging | Inserts Hub,Carton Inserts,"Carton inserts secure products inside boxes, preventing damage and separation. Wholesale supply of die-cut custom box inserts and dividers.",9258,"index,follow",WooCommerce CSV export
https://insertshub.com/product/custom-boxes-with-foam-inserts/,product,Custom Boxes with Foam Inserts Wholesale | Inserts Hub,Custom Boxes With Foam Inserts,Custom Boxes With Foam Inserts provide superior shock protection for luxury and sensitive items. Wholesale foam inserts for packaging.,10756,"index,follow",WooCommerce CSV export
https://insertshub.com/product/molded-pulp-inserts/,product,Custom Molded Pulp Inserts – Eco-Friendly Trays | Inserts Hub,Molded Pulp Inserts,"Request custom molded pulp inserts and trays made for secure product fit, shipping protection, retail display, and wholesale packaging",19012,"index,follow",WooCommerce CSV export
https://insertshub.com/product/corrugated-inserts/,product,Order Corrugated Inserts Wholesale | Inserts Hub,Corrugated Inserts,Corrugated Inserts provide maximum protection and cushioning for shipping fragile items. Wholesale supply of custom cardboard inserts and dividers.,12001,"index,follow",WooCommerce CSV export
https://insertshub.com/product/die-cut-cardboard-inserts/,product,Die Cut Cardboard Inserts | Bulk Wholesale | Inserts Hub,Die Cut Cardboard Inserts,Order die cut cardboard inserts in bulk for reliable product protection and cost-effective packaging. Trusted wholesale supplier — Inserts Hub.,13519,"index,follow",WooCommerce CSV export
https://insertshub.com/product/kraft-cardboard-inserts/,product,Order Kraft Cardboard Inserts & Packaging | Inserts Hub,Kraft Cardboard Inserts,"Order custom kraft cardboard inserts & packaging at Inserts Hub. Durable, eco-friendly protection for your products. Fast turnaround, free quote today!",11897,"index,follow",WooCommerce CSV export
https://insertshub.com/product/white-cardboard-inserts/,product,Custom White Cardboard Inserts Packaging | Inserts Hub,White Cardboard Inserts,"Get custom white cardboard inserts packaging at Inserts Hub. Durable, eco-friendly designs tailored to protect and present your products. Order now!",11185,"index,follow",WooCommerce CSV export
https://insertshub.com/product/rigid-box-cardboard-inserts/,product,Order Rigid Box Cardboard Inserts Wholesale | Inserts Hub,Rigid Box Cardboard Inserts,"Order wholesale rigid box cardboard inserts from Inserts Hub. Durable, custom-fit protection for packaging. Competitive bulk rates. Shop now!",12452,"index,follow",WooCommerce CSV export
https://insertshub.com/product/cardboard-box-divider-inserts/,product,Cardboard Box Divider Inserts Wholesale | Inserts Hub,Cardboard Box Divider Inserts,"Protect your products in transit with wholesale cardboard box divider inserts from Inserts Hub. Custom sizes, sturdy materials, and fast bulk delivery.",12150,"index,follow",WooCommerce CSV export
