Original URL,Referencing page,Original filename,MIME type,Dimensions,File hash,Security status,New path,Alt text,Notes
https://insertshub.com/wp-content/uploads/2024/10/Custom-Foam-Inserts.webp,/product/custom-foam-inserts/,Custom-Foam-Inserts.webp,image/webp,1200x1200,9b7b61cf357b7fe6,accepted,/images/products/Custom-Foam-Inserts.webp,Custom Foam Inserts,primary
https://insertshub.com/wp-content/uploads/2024/10/Custom-Foam-Inserts-Packaging.webp,/product/custom-foam-inserts/,Custom-Foam-Inserts-Packaging.webp,image/webp,1200x1200,33486bf701afd34b,accepted,/images/products/Custom-Foam-Inserts-Packaging.webp,Custom Foam Inserts Packaging,gallery
https://insertshub.com/wp-content/uploads/2024/10/Custom-Foam-Inserts-In-Bulk.webp,/product/custom-foam-inserts/,Custom-Foam-Inserts-In-Bulk.webp,image/webp,1200x1200,99f253cdc23543f5,accepted,/images/products/Custom-Foam-Inserts-In-Bulk.webp,Custom Foam Inserts In Bulk,gallery
https://insertshub.com/wp-content/uploads/2024/10/Custom-Foam-Inserts-Wholesale.webp,/product/custom-foam-inserts/,Custom-Foam-Inserts-Wholesale.webp,image/webp,1200x1200,771ae230663b1e05,accepted,/images/products/Custom-Foam-Inserts-Wholesale.webp,Custom Foam Inserts Wholesale,gallery
https://insertshub.com/wp-content/uploads/2024/10/Cupcake-Boxes-With-Inserts.webp,/product/cupcake-boxes-with-inserts/,Cupcake-Boxes-With-Inserts.webp,image/webp,1200x1200,1137b8e06d1f1ac9,accepted,/images/products/Cupcake-Boxes-With-Inserts.webp,Cupcake Boxes With Inserts,primary
https://insertshub.com/wp-content/uploads/2024/10/Cupcake-Boxes-With-Inserts-Packaging.webp,/product/cupcake-boxes-with-inserts/,Cupcake-Boxes-With-Inserts-Packaging.webp,image/webp,1200x1200,fd1fce824a995bbf,accepted,/images/products/Cupcake-Boxes-With-Inserts-Packaging.webp,Cupcake Boxes With Inserts Packaging,gallery
https://insertshub.com/wp-content/uploads/2024/10/Custom-Cupcake-Boxes-With-Inserts.webp,/product/cupcake-boxes-with-inserts/,Custom-Cupcake-Boxes-With-Inserts.webp,image/webp,1200x1200,7035df79fcb6f589,accepted,/images/products/Custom-Cupcake-Boxes-With-Inserts.webp,Custom Cupcake Boxes With Inserts,gallery
https://insertshub.com/wp-content/uploads/2024/10/Custom-Cupcake-Boxes-With-Inserts-Packaging.webp,/product/cupcake-boxes-with-inserts/,Custom-Cupcake-Boxes-With-Inserts-Packaging.webp,image/webp,1200x1200,810a8bb082fe36e8,accepted,/images/products/Custom-Cupcake-Boxes-With-Inserts-Packaging.webp,Custom Cupcake Boxes With Inserts Packaging,gallery
https://insertshub.com/wp-content/uploads/2024/10/Custom-Cardboard-Box-Inserts.webp,/product/cardboard-box-inserts/,Custom-Cardboard-Box-Inserts.webp,image/webp,1200x1200,ba4c4d5fbd471f70,accepted,/images/products/Custom-Cardboard-Box-Inserts.webp,Cardboard Box Inserts,primary
https://insertshub.com/wp-content/uploads/2024/10/Custom-Cardboard-Box-Inserts-Packaging.webp,/product/cardboard-box-inserts/,Custom-Cardboard-Box-Inserts-Packaging.webp,image/webp,1200x1200,6802dddb29a3ab88,accepted,/images/products/Custom-Cardboard-Box-Inserts-Packaging.webp,Custom Cardboard Box Inserts Packaging,gallery
https://insertshub.com/wp-content/uploads/2024/10/Cardboard-Box-Inserts.webp,/product/cardboard-box-inserts/,Cardboard-Box-Inserts.webp,image/webp,1200x1200,442fb74246a2ee0a,accepted,/images/products/Cardboard-Box-Inserts.webp,Cardboard Box Inserts,gallery
https://insertshub.com/wp-content/uploads/2024/10/Cardboard-Box-Inserts-Packaging.webp,/product/cardboard-box-inserts/,Cardboard-Box-Inserts-Packaging.webp,image/webp,1200x1200,c21a61a4a985116b,accepted,/images/products/Cardboard-Box-Inserts-Packaging.webp,Cardboard Box Inserts Packaging,gallery
https://insertshub.com/wp-content/uploads/2024/10/Box-Divider-Inserts.webp,/product/box-divider-inserts/,Box-Divider-Inserts.webp,image/webp,1200x1200,719825af9459c5e3,accepted,/images/products/Box-Divider-Inserts.webp,Box Divider Inserts,primary
https://insertshub.com/wp-content/uploads/2024/10/Custom-Box-Divider-Inserts.webp,/product/box-divider-inserts/,Custom-Box-Divider-Inserts.webp,image/webp,1200x1200,2b38c4b3238782ee,accepted,/images/products/Custom-Box-Divider-Inserts.webp,Custom Box Divider Inserts,gallery
https://insertshub.com/wp-content/uploads/2024/10/Custom-Box-Divider-Inserts-Packaging.webp,/product/box-divider-inserts/,Custom-Box-Divider-Inserts-Packaging.webp,image/webp,1200x1200,43eafb7b27ba819c,accepted,/images/products/Custom-Box-Divider-Inserts-Packaging.webp,Custom Box Divider Inserts Packaging,gallery
https://insertshub.com/wp-content/uploads/2024/10/Box-Divider-Inserts-Packaging.webp,/product/box-divider-inserts/,Box-Divider-Inserts-Packaging.webp,image/webp,1200x1200,30e66d74addcc36d,accepted,/images/products/Box-Divider-Inserts-Packaging.webp,Box Divider Inserts Packaging,gallery
https://insertshub.com/wp-content/uploads/2024/10/Candle-Boxes-With-Inserts.webp,/product/candle-boxes-with-inserts/,Candle-Boxes-With-Inserts.webp,image/webp,1200x1200,696b11dffc555d0f,accepted,/images/products/Candle-Boxes-With-Inserts.webp,Candle Boxes With Inserts,primary
https://insertshub.com/wp-content/uploads/2024/10/Custom-Candle-Boxes-With-Inserts.webp,/product/candle-boxes-with-inserts/,Custom-Candle-Boxes-With-Inserts.webp,image/webp,1200x1200,c9c5affb31595aa3,accepted,/images/products/Custom-Candle-Boxes-With-Inserts.webp,Custom Candle Boxes With Inserts,gallery
https://insertshub.com/wp-content/uploads/2024/10/Custom-Candle-Boxes-With-Inserts-Packaging.webp,/product/candle-boxes-with-inserts/,Custom-Candle-Boxes-With-Inserts-Packaging.webp,image/webp,1200x1200,dff43e9a337ae5a8,accepted,/images/products/Custom-Candle-Boxes-With-Inserts-Packaging.webp,Custom Candle Boxes With Inserts Packaging,gallery
https://insertshub.com/wp-content/uploads/2024/10/Candle-Boxes-With-Inserts-Packaging.webp,/product/candle-boxes-with-inserts/,Candle-Boxes-With-Inserts-Packaging.webp,image/webp,1200x1200,4b1a14df39e5b190,accepted,/images/products/Candle-Boxes-With-Inserts-Packaging.webp,Candle Boxes With Inserts Packaging,gallery
https://insertshub.com/wp-content/uploads/2024/10/Mailer-Box-Inserts.webp,/product/mailer-box-inserts/,Mailer-Box-Inserts.webp,image/webp,1200x1200,683f449fd39c3f6a,accepted,/images/products/Mailer-Box-Inserts.webp,Mailer Box Inserts,primary
https://insertshub.com/wp-content/uploads/2024/10/Mailer-Box-Inserts-Packaging.webp,/product/mailer-box-inserts/,Mailer-Box-Inserts-Packaging.webp,image/webp,1200x1200,9cebf378d1e86393,accepted,/images/products/Mailer-Box-Inserts-Packaging.webp,Mailer Box Inserts Packaging,gallery
https://insertshub.com/wp-content/uploads/2024/10/Custom-Mailer-Box-Inserts.webp,/product/mailer-box-inserts/,Custom-Mailer-Box-Inserts.webp,image/webp,1200x1200,e398f3c5481fc1fe,accepted,/images/products/Custom-Mailer-Box-Inserts.webp,Custom Mailer Box Inserts,gallery
https://insertshub.com/wp-content/uploads/2024/10/Custom-Mailer-Box-Inserts-Packaging.webp,/product/mailer-box-inserts/,Custom-Mailer-Box-Inserts-Packaging.webp,image/webp,1200x1200,a5c9815ead05d7c0,accepted,/images/products/Custom-Mailer-Box-Inserts-Packaging.webp,Custom Mailer Box Inserts Packaging,gallery
https://insertshub.com/wp-content/uploads/2024/10/Candy-Box-Inserts.webp,/product/candy-box-inserts/,Candy-Box-Inserts.webp,image/webp,1200x1200,b9f03c51150f5b87,accepted,/images/products/Candy-Box-Inserts.webp,Candy Box Inserts,primary
https://insertshub.com/wp-content/uploads/2024/10/Custom-Candy-Box-Inserts.webp,/product/candy-box-inserts/,Custom-Candy-Box-Inserts.webp,image/webp,1200x1200,a4f80fc9d7254da0,accepted,/images/products/Custom-Candy-Box-Inserts.webp,Custom Candy Box Inserts,gallery
https://insertshub.com/wp-content/uploads/2024/10/Custom-Candy-Box-Inserts-Packaging.webp,/product/candy-box-inserts/,Custom-Candy-Box-Inserts-Packaging.webp,image/webp,1200x1200,00511a8fbf26dde7,accepted,/images/products/Custom-Candy-Box-Inserts-Packaging.webp,Custom Candy Box Inserts Packaging,gallery
https://insertshub.com/wp-content/uploads/2024/10/Candy-Box-Inserts-Packaging.webp,/product/candy-box-inserts/,Candy-Box-Inserts-Packaging.webp,image/webp,1200x1200,ad4505d27bd76b44,accepted,/images/products/Candy-Box-Inserts-Packaging.webp,Candy Box Inserts Packaging,gallery
https://insertshub.com/wp-content/uploads/2024/10/Mini-Cupcake-Inserts.webp,/product/mini-cupcake-inserts/,Mini-Cupcake-Inserts.webp,image/webp,1200x1200,206e0d7745fecc5d,accepted,/images/products/Mini-Cupcake-Inserts.webp,Mini Cupcake Inserts,primary
https://insertshub.com/wp-content/uploads/2024/10/Mini-Cupcake-Inserts-Packaging.webp,/product/mini-cupcake-inserts/,Mini-Cupcake-Inserts-Packaging.webp,image/webp,1200x1200,084ce5026eb3a4fc,accepted,/images/products/Mini-Cupcake-Inserts-Packaging.webp,Mini Cupcake Inserts Packaging,gallery
https://insertshub.com/wp-content/uploads/2024/10/Custom-Mini-Cupcake-Inserts.webp,/product/mini-cupcake-inserts/,Custom-Mini-Cupcake-Inserts.webp,image/webp,1200x1200,8eefb82c8adeb9ce,accepted,/images/products/Custom-Mini-Cupcake-Inserts.webp,Custom Mini Cupcake Inserts,gallery
https://insertshub.com/wp-content/uploads/2024/10/Custom-Mini-Cupcake-Inserts-Packaging.webp,/product/mini-cupcake-inserts/,Custom-Mini-Cupcake-Inserts-Packaging.webp,image/webp,1200x1200,4e1c2f03fa480682,accepted,/images/products/Custom-Mini-Cupcake-Inserts-Packaging.webp,Custom Mini Cupcake Inserts Packaging,gallery
https://insertshub.com/wp-content/uploads/2024/10/Custom-Cardboard-Inserts.webp,/product/custom-cardboard-inserts/,Custom-Cardboard-Inserts.webp,image/webp,1200x1200,4b5dbdaadc0bde67,accepted,/images/products/Custom-Cardboard-Inserts.webp,Custom Cardboard Inserts,primary
https://insertshub.com/wp-content/uploads/2024/10/Custom-Cardboard-Inserts-Wholesale.webp,/product/custom-cardboard-inserts/,Custom-Cardboard-Inserts-Wholesale.webp,image/webp,1200x1200,4c0ddafa777daa34,accepted,/images/products/Custom-Cardboard-Inserts-Wholesale.webp,Custom Cardboard Inserts Wholesale,gallery
https://insertshub.com/wp-content/uploads/2024/10/Custom-Cardboard-Inserts-And-Bulk.webp,/product/custom-cardboard-inserts/,Custom-Cardboard-Inserts-And-Bulk.webp,image/webp,1200x1200,2a3572602bf77b5d,accepted,/images/products/Custom-Cardboard-Inserts-And-Bulk.webp,Custom Cardboard Inserts And Bulk,gallery
https://insertshub.com/wp-content/uploads/2024/10/Custom-Cardboard-Inserts-And-Packaging.webp,/product/custom-cardboard-inserts/,Custom-Cardboard-Inserts-And-Packaging.webp,image/webp,1200x1200,f2eb7ad302358e12,accepted,/images/products/Custom-Cardboard-Inserts-And-Packaging.webp,Custom Cardboard Inserts And Packaging,gallery
https://insertshub.com/wp-content/uploads/2024/10/Cardboard-Divider-Inserts.webp,/product/cardboard-divider-inserts/,Cardboard-Divider-Inserts.webp,image/webp,1200x1200,19ec786341eb135c,accepted,/images/products/Cardboard-Divider-Inserts.webp,Cardboard Divider Inserts,primary
https://insertshub.com/wp-content/uploads/2024/10/Custom-Cardboard-Divider-Inserts.webp,/product/cardboard-divider-inserts/,Custom-Cardboard-Divider-Inserts.webp,image/webp,1200x1200,eebf8ca604578d82,accepted,/images/products/Custom-Cardboard-Divider-Inserts.webp,Custom Cardboard Divider Inserts,gallery
https://insertshub.com/wp-content/uploads/2024/10/Cardboard-Divider-Inserts-Wholesale.webp,/product/cardboard-divider-inserts/,Cardboard-Divider-Inserts-Wholesale.webp,image/webp,1200x1200,038a5eb3dff35e86,accepted,/images/products/Cardboard-Divider-Inserts-Wholesale.webp,Cardboard Divider Inserts Wholesale,gallery
https://insertshub.com/wp-content/uploads/2024/10/Cardboard-Divider-Inserts-Packaging.webp,/product/cardboard-divider-inserts/,Cardboard-Divider-Inserts-Packaging.webp,image/webp,1200x1200,f8b947e14495ea71,accepted,/images/products/Cardboard-Divider-Inserts-Packaging.webp,Cardboard Divider Inserts Packaging,gallery
https://insertshub.com/wp-content/uploads/2024/10/Pizza-Box-Inserts.webp,/product/pizza-box-inserts/,Pizza-Box-Inserts.webp,image/webp,1200x1200,1c17e060b0cb2cd7,accepted,/images/products/Pizza-Box-Inserts.webp,Pizza Box Inserts,primary
https://insertshub.com/wp-content/uploads/2024/10/Pizza-Box-Inserts-Packaging.webp,/product/pizza-box-inserts/,Pizza-Box-Inserts-Packaging.webp,image/webp,1200x1200,466181bdf7524eac,accepted,/images/products/Pizza-Box-Inserts-Packaging.webp,Pizza Box Inserts Packaging,gallery
https://insertshub.com/wp-content/uploads/2024/10/Custom-Pizza-Box-Inserts.webp,/product/pizza-box-inserts/,Custom-Pizza-Box-Inserts.webp,image/webp,1200x1200,7c8db411cc372e07,accepted,/images/products/Custom-Pizza-Box-Inserts.webp,Custom Pizza Box Inserts,gallery
https://insertshub.com/wp-content/uploads/2024/10/Custom-Pizza-Box-Inserts-Packaging.webp,/product/pizza-box-inserts/,Custom-Pizza-Box-Inserts-Packaging.webp,image/webp,1200x1200,792d0456ea4bc50b,accepted,/images/products/Custom-Pizza-Box-Inserts-Packaging.webp,Custom Pizza Box Inserts Packaging,gallery
https://insertshub.com/wp-content/uploads/2024/10/Chocolate-Box-Inserts.webp,/product/chocolate-box-inserts/,Chocolate-Box-Inserts.webp,image/webp,1200x1200,3bef4d1ab5f59410,accepted,/images/products/Chocolate-Box-Inserts.webp,Chocolate Box Inserts,primary
https://insertshub.com/wp-content/uploads/2024/10/Custom-Chocolate-Box-Inserts.webp,/product/chocolate-box-inserts/,Custom-Chocolate-Box-Inserts.webp,image/webp,1200x1200,966a9ced219bde85,accepted,/images/products/Custom-Chocolate-Box-Inserts.webp,Custom Chocolate Box Inserts,gallery
https://insertshub.com/wp-content/uploads/2024/10/Custom-Chocolate-Box-Inserts-Packaging.webp,/product/chocolate-box-inserts/,Custom-Chocolate-Box-Inserts-Packaging.webp,image/webp,1200x1200,87bc26f2d9af21ee,accepted,/images/products/Custom-Chocolate-Box-Inserts-Packaging.webp,Custom Chocolate Box Inserts Packaging,gallery
https://insertshub.com/wp-content/uploads/2024/10/Chocolate-Box-Inserts-Packaging.webp,/product/chocolate-box-inserts/,Chocolate-Box-Inserts-Packaging.webp,image/webp,1200x1200,6b02c6a831bc606e,accepted,/images/products/Chocolate-Box-Inserts-Packaging.webp,Chocolate Box Inserts Packaging,gallery
https://insertshub.com/wp-content/uploads/2024/10/Foam-Inserts-For-Gift-Boxes.webp,/product/foam-inserts-for-gift-boxes/,Foam-Inserts-For-Gift-Boxes.webp,image/webp,1200x1200,316ffd128a6c0fa2,accepted,/images/products/Foam-Inserts-For-Gift-Boxes.webp,Foam Inserts For Gift Boxes,primary
https://insertshub.com/wp-content/uploads/2024/10/Foam-Inserts-For-Gift-Boxes-Packaging.webp,/product/foam-inserts-for-gift-boxes/,Foam-Inserts-For-Gift-Boxes-Packaging.webp,image/webp,1200x1200,d79672b38a292a9d,accepted,/images/products/Foam-Inserts-For-Gift-Boxes-Packaging.webp,Foam Inserts For Gift Boxes Packaging,gallery
https://insertshub.com/wp-content/uploads/2024/10/Custom-Foam-Inserts-For-Gift-Boxes.webp,/product/foam-inserts-for-gift-boxes/,Custom-Foam-Inserts-For-Gift-Boxes.webp,image/webp,1200x1200,337ba11fbdf56f29,accepted,/images/products/Custom-Foam-Inserts-For-Gift-Boxes.webp,Custom Foam Inserts For Gift Boxes,gallery
https://insertshub.com/wp-content/uploads/2024/10/Custom-Foam-Inserts-For-Gift-Boxes-Packaging.webp,/product/foam-inserts-for-gift-boxes/,Custom-Foam-Inserts-For-Gift-Boxes-Packaging.webp,image/webp,1200x1200,e6684552cd036f4b,accepted,/images/products/Custom-Foam-Inserts-For-Gift-Boxes-Packaging.webp,Custom Foam Inserts For Gift Boxes Packaging,gallery
https://insertshub.com/wp-content/uploads/2024/10/Cookie-Boxes-With-Inserts.webp,/product/cookie-boxes-with-inserts/,Cookie-Boxes-With-Inserts.webp,image/webp,1200x1200,93ef6b5fa2bfacf1,accepted,/images/products/Cookie-Boxes-With-Inserts.webp,Cookie Boxes With Inserts,primary
https://insertshub.com/wp-content/uploads/2024/10/Custom-Cookie-Boxes-With-Inserts.webp,/product/cookie-boxes-with-inserts/,Custom-Cookie-Boxes-With-Inserts.webp,image/webp,1200x1200,891043669dd03b35,accepted,/images/products/Custom-Cookie-Boxes-With-Inserts.webp,Custom Cookie Boxes With Inserts,gallery
https://insertshub.com/wp-content/uploads/2024/10/Custom-Cookie-Boxes-With-Inserts-Packaging.webp,/product/cookie-boxes-with-inserts/,Custom-Cookie-Boxes-With-Inserts-Packaging.webp,image/webp,1200x1200,2bb7dd8216cbd2e1,accepted,/images/products/Custom-Cookie-Boxes-With-Inserts-Packaging.webp,Custom Cookie Boxes With Inserts Packaging,gallery
https://insertshub.com/wp-content/uploads/2024/10/Cookie-Boxes-With-Inserts-Packaging.webp,/product/cookie-boxes-with-inserts/,Cookie-Boxes-With-Inserts-Packaging.webp,image/webp,1200x1200,1d7cfc62ba900e27,accepted,/images/products/Cookie-Boxes-With-Inserts-Packaging.webp,Cookie Boxes With Inserts Packaging,gallery
https://insertshub.com/wp-content/uploads/2024/10/Truffle-Boxes-With-Inserts.webp,/product/truffle-boxes-with-inserts/,Truffle-Boxes-With-Inserts.webp,image/webp,1200x1200,3b28a70d06a44eab,accepted,/images/products/Truffle-Boxes-With-Inserts.webp,Truffle Boxes With Inserts,primary
https://insertshub.com/wp-content/uploads/2024/10/Truffle-Boxes-With-Inserts-Packaging.webp,/product/truffle-boxes-with-inserts/,Truffle-Boxes-With-Inserts-Packaging.webp,image/webp,1200x1200,15a6fbf575300bdc,accepted,/images/products/Truffle-Boxes-With-Inserts-Packaging.webp,Truffle Boxes With Inserts Packaging,gallery
https://insertshub.com/wp-content/uploads/2024/10/Custom-Truffle-Boxes-With-Inserts.webp,/product/truffle-boxes-with-inserts/,Custom-Truffle-Boxes-With-Inserts.webp,image/webp,1200x1200,8a859069a37980fa,accepted,/images/products/Custom-Truffle-Boxes-With-Inserts.webp,Custom Truffle Boxes With Inserts,gallery
https://insertshub.com/wp-content/uploads/2024/10/Custom-Truffle-Boxes-With-Inserts-Packaging.webp,/product/truffle-boxes-with-inserts/,Custom-Truffle-Boxes-With-Inserts-Packaging.webp,image/webp,1200x1200,9f45d46e1b68c3ea,accepted,/images/products/Custom-Truffle-Boxes-With-Inserts-Packaging.webp,Custom Truffle Boxes With Inserts Packaging,gallery
https://insertshub.com/wp-content/uploads/2024/10/Custom-Paperboard-Inserts.webp,/product/custom-paperboard-inserts/,Custom-Paperboard-Inserts.webp,image/webp,1200x1200,abe51c068daa3e22,accepted,/images/products/Custom-Paperboard-Inserts.webp,Custom Paperboard Inserts,primary
https://insertshub.com/wp-content/uploads/2024/10/Paperboard-Inserts.webp,/product/custom-paperboard-inserts/,Paperboard-Inserts.webp,image/webp,1200x1200,e9204018b7755ff3,accepted,/images/products/Paperboard-Inserts.webp,Paperboard Inserts,gallery
https://insertshub.com/wp-content/uploads/2024/10/Paperboard-Inserts-Packaging.webp,/product/custom-paperboard-inserts/,Paperboard-Inserts-Packaging.webp,image/webp,1200x1200,b40f12613246fcdf,accepted,/images/products/Paperboard-Inserts-Packaging.webp,Paperboard Inserts Packaging,gallery
https://insertshub.com/wp-content/uploads/2024/10/Custom-Paperboard-Inserts-Packaging.webp,/product/custom-paperboard-inserts/,Custom-Paperboard-Inserts-Packaging.webp,image/webp,1200x1200,0fe5ca49a30ca21f,accepted,/images/products/Custom-Paperboard-Inserts-Packaging.webp,Custom Paperboard Inserts Packaging,gallery
https://insertshub.com/wp-content/uploads/2024/10/Custom-Corrugated-Cardboard-Inserts.webp,/product/custom-corrugated-cardboard-inserts/,Custom-Corrugated-Cardboard-Inserts.webp,image/webp,1200x1200,6f3208479d3eaa05,accepted,/images/products/Custom-Corrugated-Cardboard-Inserts.webp,Custom Corrugated Cardboard Inserts,primary
https://insertshub.com/wp-content/uploads/2024/10/Custom-Corrugated-Cardboard-Inserts-Packaging.webp,/product/custom-corrugated-cardboard-inserts/,Custom-Corrugated-Cardboard-Inserts-Packaging.webp,image/webp,1200x1200,fd91f71d3e37cdf1,accepted,/images/products/Custom-Corrugated-Cardboard-Inserts-Packaging.webp,Custom Corrugated Cardboard Inserts Packaging,gallery
https://insertshub.com/wp-content/uploads/2024/10/Corrugated-Cardboard-Inserts-Packaging.webp,/product/custom-corrugated-cardboard-inserts/,Corrugated-Cardboard-Inserts-Packaging.webp,image/webp,1200x1200,d4bb945444cadf71,accepted,/images/products/Corrugated-Cardboard-Inserts-Packaging.webp,Corrugated Cardboard Inserts Packaging,gallery
https://insertshub.com/wp-content/uploads/2024/10/Corrugated-Cardboard-Inserts.webp,/product/custom-corrugated-cardboard-inserts/,Corrugated-Cardboard-Inserts.webp,image/webp,1200x1200,e7f733e60a1b8b7b,accepted,/images/products/Corrugated-Cardboard-Inserts.webp,Corrugated Cardboard Inserts,gallery
https://insertshub.com/wp-content/uploads/2024/10/Custom-Kraft-Paper-Inserts.webp,/product/custom-kraft-paper-inserts/,Custom-Kraft-Paper-Inserts.webp,image/webp,1200x1200,8f7ad072064587d1,accepted,/images/products/Custom-Kraft-Paper-Inserts.webp,Custom Kraft Paper Inserts,primary
https://insertshub.com/wp-content/uploads/2024/10/Kraft-Paper-Inserts.webp,/product/custom-kraft-paper-inserts/,Kraft-Paper-Inserts.webp,image/webp,1200x1200,1803c983a345fba4,accepted,/images/products/Kraft-Paper-Inserts.webp,Kraft Paper Inserts,gallery
https://insertshub.com/wp-content/uploads/2024/10/Kraft-Paper-Inserts-Packaging.webp,/product/custom-kraft-paper-inserts/,Kraft-Paper-Inserts-Packaging.webp,image/webp,1200x1200,869987946d7faee3,accepted,/images/products/Kraft-Paper-Inserts-Packaging.webp,Kraft Paper Inserts Packaging,gallery
https://insertshub.com/wp-content/uploads/2024/10/Custom-Kraft-Paper-Inserts-Packaging.webp,/product/custom-kraft-paper-inserts/,Custom-Kraft-Paper-Inserts-Packaging.webp,image/webp,1200x1200,3074971495e3bdfd,accepted,/images/products/Custom-Kraft-Paper-Inserts-Packaging.webp,Custom Kraft Paper Inserts Packaging,gallery
https://insertshub.com/wp-content/uploads/2025/11/Product-Packaging-Inserts.webp,/product/product-packaging-inserts/,Product-Packaging-Inserts.webp,image/webp,1200x1200,cb8d906fdd7a45d1,accepted,/images/products/Product-Packaging-Inserts.webp,Product Packaging Inserts,primary
https://insertshub.com/wp-content/uploads/2025/11/Product-Packaging-Inserts-Wholesale.webp,/product/product-packaging-inserts/,Product-Packaging-Inserts-Wholesale.webp,image/webp,1200x1200,fee81100ffff0fda,accepted,/images/products/Product-Packaging-Inserts-Wholesale.webp,Product Packaging Inserts Wholesale,gallery
https://insertshub.com/wp-content/uploads/2025/11/Product-Packaging-Inserts-In-Bulk.webp,/product/product-packaging-inserts/,Product-Packaging-Inserts-In-Bulk.webp,image/webp,1200x1200,dce173dff03d119f,accepted,/images/products/Product-Packaging-Inserts-In-Bulk.webp,Product Packaging Inserts In Bulk,gallery
https://insertshub.com/wp-content/uploads/2025/11/Custom-Product-Packaging-Inserts.webp,/product/product-packaging-inserts/,Custom-Product-Packaging-Inserts.webp,image/webp,1200x1200,552551c80bb974e5,accepted,/images/products/Custom-Product-Packaging-Inserts.webp,Custom Product Packaging Inserts,gallery
https://insertshub.com/wp-content/uploads/2025/11/Die-Cut-Inserts.webp,/product/die-cut-inserts/,Die-Cut-Inserts.webp,image/webp,800x800,23fe7e687ca28652,accepted,/images/products/Die-Cut-Inserts.webp,Die Cut Inserts,primary
https://insertshub.com/wp-content/uploads/2025/11/Die-Cut-Inserts-Wholesale.webp,/product/die-cut-inserts/,Die-Cut-Inserts-Wholesale.webp,image/webp,800x800,8f3f7004fce251fd,accepted,/images/products/Die-Cut-Inserts-Wholesale.webp,Die Cut Inserts Wholesale,gallery
https://insertshub.com/wp-content/uploads/2025/11/Die-Cut-Inserts-Packaging.webp,/product/die-cut-inserts/,Die-Cut-Inserts-Packaging.webp,image/webp,800x800,e5bdf4889705829c,accepted,/images/products/Die-Cut-Inserts-Packaging.webp,Die Cut Inserts Packaging,gallery
https://insertshub.com/wp-content/uploads/2025/11/Custom-Die-Cut-Inserts.webp,/product/die-cut-inserts/,Custom-Die-Cut-Inserts.webp,image/webp,800x800,d50f11967553af5c,accepted,/images/products/Custom-Die-Cut-Inserts.webp,Custom Die Cut Inserts,gallery
https://insertshub.com/wp-content/uploads/2025/11/Custom-Cardboard-Inserts-For-Bags.webp,/product/cardboard-inserts-for-bags/,Custom-Cardboard-Inserts-For-Bags.webp,image/webp,1200x1200,6f3208479d3eaa05,accepted,/images/products/Custom-Cardboard-Inserts-For-Bags.webp,Cardboard Inserts For Bags,duplicate content of /images/products/Custom-Corrugated-Cardboard-Inserts.webp; primary
https://insertshub.com/wp-content/uploads/2025/11/Cardboard-Inserts-For-Bags.webp,/product/cardboard-inserts-for-bags/,Cardboard-Inserts-For-Bags.webp,image/webp,1200x1200,fd91f71d3e37cdf1,accepted,/images/products/Cardboard-Inserts-For-Bags.webp,Cardboard Inserts For Bags,duplicate content of /images/products/Custom-Corrugated-Cardboard-Inserts-Packaging.webp; gallery
https://insertshub.com/wp-content/uploads/2025/11/Cardboard-Inserts-For-Bags-Wholesale.webp,/product/cardboard-inserts-for-bags/,Cardboard-Inserts-For-Bags-Wholesale.webp,image/webp,1200x1200,d4bb945444cadf71,accepted,/images/products/Cardboard-Inserts-For-Bags-Wholesale.webp,Cardboard Inserts For Bags Wholesale,duplicate content of /images/products/Corrugated-Cardboard-Inserts-Packaging.webp; gallery
https://insertshub.com/wp-content/uploads/2025/11/Cardboard-Inserts-For-Bags-And-Packaging.webp,/product/cardboard-inserts-for-bags/,Cardboard-Inserts-For-Bags-And-Packaging.webp,image/webp,1200x1200,e7f733e60a1b8b7b,accepted,/images/products/Cardboard-Inserts-For-Bags-And-Packaging.webp,Cardboard Inserts For Bags And Packaging,duplicate content of /images/products/Corrugated-Cardboard-Inserts.webp; gallery
https://insertshub.com/wp-content/uploads/2025/11/Custom-Plastic-Inserts.webp,/product/custom-plastic-inserts/,Custom-Plastic-Inserts.webp,image/webp,1080x1080,937644a89287a774,accepted,/images/products/Custom-Plastic-Inserts.webp,Custom Plastic Inserts,primary
https://insertshub.com/wp-content/uploads/2025/11/Custom-Plastic-Inserts-Wholesale.webp,/product/custom-plastic-inserts/,Custom-Plastic-Inserts-Wholesale.webp,image/webp,1080x1080,6836376cca94f378,accepted,/images/products/Custom-Plastic-Inserts-Wholesale.webp,Custom Plastic Inserts Wholesale,gallery
https://insertshub.com/wp-content/uploads/2025/11/Custom-Plastic-Inserts-Packaging.webp,/product/custom-plastic-inserts/,Custom-Plastic-Inserts-Packaging.webp,image/webp,1080x1080,9d048cef90aa636b,accepted,/images/products/Custom-Plastic-Inserts-Packaging.webp,Custom Plastic Inserts Packaging,gallery
https://insertshub.com/wp-content/uploads/2025/11/Custom-Plastic-Inserts-In-Bulk.webp,/product/custom-plastic-inserts/,Custom-Plastic-Inserts-In-Bulk.webp,image/webp,1080x1080,b8815ebe640897b4,accepted,/images/products/Custom-Plastic-Inserts-In-Bulk.webp,Custom Plastic Inserts In Bulk,gallery
https://insertshub.com/wp-content/uploads/2025/11/Carton-Inserts.webp,/product/carton-inserts/,Carton-Inserts.webp,image/webp,1080x1080,6836376cca94f378,accepted,/images/products/Carton-Inserts.webp,Carton Inserts,duplicate content of /images/products/Custom-Plastic-Inserts-Wholesale.webp; primary
https://insertshub.com/wp-content/uploads/2025/11/Custom-Carton-Inserts.webp,/product/carton-inserts/,Custom-Carton-Inserts.webp,image/webp,1080x1080,b8815ebe640897b4,accepted,/images/products/Custom-Carton-Inserts.webp,Custom Carton Inserts,duplicate content of /images/products/Custom-Plastic-Inserts-In-Bulk.webp; gallery
https://insertshub.com/wp-content/uploads/2025/11/Carton-Inserts-Wholesale.webp,/product/carton-inserts/,Carton-Inserts-Wholesale.webp,image/webp,1080x1080,937644a89287a774,accepted,/images/products/Carton-Inserts-Wholesale.webp,Carton Inserts Wholesale,duplicate content of /images/products/Custom-Plastic-Inserts.webp; gallery
https://insertshub.com/wp-content/uploads/2025/11/Carton-Inserts-Packaging.webp,/product/carton-inserts/,Carton-Inserts-Packaging.webp,image/webp,1080x1080,9d048cef90aa636b,accepted,/images/products/Carton-Inserts-Packaging.webp,Carton Inserts Packaging,duplicate content of /images/products/Custom-Plastic-Inserts-Packaging.webp; gallery
https://insertshub.com/wp-content/uploads/2025/11/Custom-Boxes-With-Foam-Inserts.webp,/product/custom-boxes-with-foam-inserts/,Custom-Boxes-With-Foam-Inserts.webp,image/webp,1200x1200,99f253cdc23543f5,accepted,/images/products/Custom-Boxes-With-Foam-Inserts.webp,Custom Boxes With Foam Inserts,duplicate content of /images/products/Custom-Foam-Inserts-In-Bulk.webp; primary
https://insertshub.com/wp-content/uploads/2025/11/Custom-Boxes-With-Foam-Inserts-Wholesale.webp,/product/custom-boxes-with-foam-inserts/,Custom-Boxes-With-Foam-Inserts-Wholesale.webp,image/webp,1200x1200,771ae230663b1e05,accepted,/images/products/Custom-Boxes-With-Foam-Inserts-Wholesale.webp,Custom Boxes With Foam Inserts Wholesale,duplicate content of /images/products/Custom-Foam-Inserts-Wholesale.webp; gallery
https://insertshub.com/wp-content/uploads/2025/11/Custom-Boxes-With-Foam-Inserts-In-Bulk.webp,/product/custom-boxes-with-foam-inserts/,Custom-Boxes-With-Foam-Inserts-In-Bulk.webp,image/webp,1200x1200,9b7b61cf357b7fe6,accepted,/images/products/Custom-Boxes-With-Foam-Inserts-In-Bulk.webp,Custom Boxes With Foam Inserts In Bulk,duplicate content of /images/products/Custom-Foam-Inserts.webp; gallery
https://insertshub.com/wp-content/uploads/2025/11/Custom-Boxes-With-Foam-Inserts-And-Packaging.webp,/product/custom-boxes-with-foam-inserts/,Custom-Boxes-With-Foam-Inserts-And-Packaging.webp,image/webp,1200x1200,33486bf701afd34b,accepted,/images/products/Custom-Boxes-With-Foam-Inserts-And-Packaging.webp,Custom Boxes With Foam Inserts And Packaging,duplicate content of /images/products/Custom-Foam-Inserts-Packaging.webp; gallery
https://insertshub.com/wp-content/uploads/2025/11/Molded-Pulp-Inserts.webp,/product/molded-pulp-inserts/,Molded-Pulp-Inserts.webp,image/webp,1080x1080,80df07600348462d,accepted,/images/products/Molded-Pulp-Inserts.webp,Molded Pulp Inserts,primary
https://insertshub.com/wp-content/uploads/2025/11/Molded-Pulp-Inserts-Wholesale.webp,/product/molded-pulp-inserts/,Molded-Pulp-Inserts-Wholesale.webp,image/webp,1080x1080,14929bc247ca4c97,accepted,/images/products/Molded-Pulp-Inserts-Wholesale.webp,Molded Pulp Inserts Wholesale,gallery
https://insertshub.com/wp-content/uploads/2025/11/Molded-Pulp-Inserts-Packaging.webp,/product/molded-pulp-inserts/,Molded-Pulp-Inserts-Packaging.webp,image/webp,1080x1080,06fa51ce0aba753b,accepted,/images/products/Molded-Pulp-Inserts-Packaging.webp,Molded Pulp Inserts Packaging,gallery
https://insertshub.com/wp-content/uploads/2025/11/Custom-Molded-Pulp-Inserts.webp,/product/molded-pulp-inserts/,Custom-Molded-Pulp-Inserts.webp,image/webp,1080x1080,a4a88a93f4e94644,accepted,/images/products/Custom-Molded-Pulp-Inserts.webp,Custom Molded Pulp Inserts,gallery
https://insertshub.com/wp-content/uploads/2025/11/Corrugated-Inserts.webp,/product/corrugated-inserts/,Corrugated-Inserts.webp,image/webp,1200x1200,aaa92895f502b75e,accepted,/images/products/Corrugated-Inserts.webp,Corrugated Inserts,primary
https://insertshub.com/wp-content/uploads/2025/11/Custom-Corrugated-Inserts.webp,/product/corrugated-inserts/,Custom-Corrugated-Inserts.webp,image/webp,1200x1200,14f9d655d7a5865e,accepted,/images/products/Custom-Corrugated-Inserts.webp,Custom Corrugated Inserts,gallery
https://insertshub.com/wp-content/uploads/2025/11/Corrugated-Inserts-Wholesale.webp,/product/corrugated-inserts/,Corrugated-Inserts-Wholesale.webp,image/webp,1200x1200,3ac3205dff1d2500,accepted,/images/products/Corrugated-Inserts-Wholesale.webp,Corrugated Inserts Wholesale,gallery
https://insertshub.com/wp-content/uploads/2025/11/Corrugated-Inserts-And-Packaging.webp,/product/corrugated-inserts/,Corrugated-Inserts-And-Packaging.webp,image/webp,1200x1200,fdb1c24d9ee61d6b,accepted,/images/products/Corrugated-Inserts-And-Packaging.webp,Corrugated Inserts And Packaging,gallery
https://insertshub.com/wp-content/uploads/2026/07/Die-Cut-Cardboard-Inserts.webp,/product/die-cut-cardboard-inserts/,Die-Cut-Cardboard-Inserts.webp,image/webp,1200x1200,d73452fb511c09eb,accepted,/images/products/Die-Cut-Cardboard-Inserts.webp,Die Cut Cardboard Inserts,primary
https://insertshub.com/wp-content/uploads/2026/07/Die-Cut-Cardboard-Inserts-In-Bulk.webp,/product/die-cut-cardboard-inserts/,Die-Cut-Cardboard-Inserts-In-Bulk.webp,image/webp,1200x1200,29c29fee83bcb971,accepted,/images/products/Die-Cut-Cardboard-Inserts-In-Bulk.webp,Die Cut Cardboard Inserts In Bulk,gallery
https://insertshub.com/wp-content/uploads/2026/07/Custom-Die-Cut-Cardboard-Inserts.webp,/product/die-cut-cardboard-inserts/,Custom-Die-Cut-Cardboard-Inserts.webp,image/webp,1200x1200,1cc268491ef41adc,accepted,/images/products/Custom-Die-Cut-Cardboard-Inserts.webp,Custom Die Cut Cardboard Inserts,gallery
https://insertshub.com/wp-content/uploads/2026/07/Die-Cut-Cardboard-Inserts-Wholesale.webp,/product/die-cut-cardboard-inserts/,Die-Cut-Cardboard-Inserts-Wholesale.webp,image/webp,1200x1200,1c162b2444ee88c2,accepted,/images/products/Die-Cut-Cardboard-Inserts-Wholesale.webp,Die Cut Cardboard Inserts Wholesale,gallery
https://insertshub.com/wp-content/uploads/2026/07/Kraft-Cardboard-Inserts.webp,/product/kraft-cardboard-inserts/,Kraft-Cardboard-Inserts.webp,image/webp,1200x1200,392e924e8d9855d3,accepted,/images/products/Kraft-Cardboard-Inserts.webp,Kraft Cardboard Inserts,primary
https://insertshub.com/wp-content/uploads/2026/07/Kraft-Cardboard-Inserts-In-Bulk.webp,/product/kraft-cardboard-inserts/,Kraft-Cardboard-Inserts-In-Bulk.webp,image/webp,1200x1200,e035fef0debf4f9d,accepted,/images/products/Kraft-Cardboard-Inserts-In-Bulk.webp,Kraft Cardboard Inserts In Bulk,gallery
https://insertshub.com/wp-content/uploads/2026/07/Kraft-Cardboard-Inserts-Wholesale.webp,/product/kraft-cardboard-inserts/,Kraft-Cardboard-Inserts-Wholesale.webp,image/webp,1200x1200,7d0c5d3c1b84008e,accepted,/images/products/Kraft-Cardboard-Inserts-Wholesale.webp,Kraft Cardboard Inserts Wholesale,gallery
https://insertshub.com/wp-content/uploads/2026/07/Custom-Kraft-Cardboard-Inserts.webp,/product/kraft-cardboard-inserts/,Custom-Kraft-Cardboard-Inserts.webp,image/webp,1200x1200,b2fa27e62f0ec802,accepted,/images/products/Custom-Kraft-Cardboard-Inserts.webp,Custom Kraft Cardboard Inserts,gallery
https://insertshub.com/wp-content/uploads/2026/07/White-Cardboard-Inserts.webp,/product/white-cardboard-inserts/,White-Cardboard-Inserts.webp,image/webp,1200x1200,6c8da2cea0989bbf,accepted,/images/products/White-Cardboard-Inserts.webp,White Cardboard Inserts,primary
https://insertshub.com/wp-content/uploads/2026/07/White-Cardboard-Inserts-In-Bulk.webp,/product/white-cardboard-inserts/,White-Cardboard-Inserts-In-Bulk.webp,image/webp,1200x1200,1b044fb2d8c88f29,accepted,/images/products/White-Cardboard-Inserts-In-Bulk.webp,White Cardboard Inserts In Bulk,gallery
https://insertshub.com/wp-content/uploads/2026/07/Custom-White-Cardboard-Inserts.webp,/product/white-cardboard-inserts/,Custom-White-Cardboard-Inserts.webp,image/webp,1200x1200,26c81afbef7c2b5f,accepted,/images/products/Custom-White-Cardboard-Inserts.webp,Custom White Cardboard Inserts,gallery
https://insertshub.com/wp-content/uploads/2026/07/White-Cardboard-Inserts-Wholesale.webp,/product/white-cardboard-inserts/,White-Cardboard-Inserts-Wholesale.webp,image/webp,1200x1200,3873db5684ee46ae,accepted,/images/products/White-Cardboard-Inserts-Wholesale.webp,White Cardboard Inserts Wholesale,gallery
https://insertshub.com/wp-content/uploads/2026/07/Rigid-Box-Cardboard-Inserts.webp,/product/rigid-box-cardboard-inserts/,Rigid-Box-Cardboard-Inserts.webp,image/webp,1200x1200,c659be877de243f1,accepted,/images/products/Rigid-Box-Cardboard-Inserts.webp,Rigid Box Cardboard Inserts,primary
https://insertshub.com/wp-content/uploads/2026/07/Rigid-Box-Cardboard-Inserts-In-Bulk.webp,/product/rigid-box-cardboard-inserts/,Rigid-Box-Cardboard-Inserts-In-Bulk.webp,image/webp,1200x1200,0626ed72990ea8eb,accepted,/images/products/Rigid-Box-Cardboard-Inserts-In-Bulk.webp,Rigid Box Cardboard Inserts In Bulk,gallery
https://insertshub.com/wp-content/uploads/2026/07/Rigid-Box-Cardboard-Inserts-Wholesale.webp,/product/rigid-box-cardboard-inserts/,Rigid-Box-Cardboard-Inserts-Wholesale.webp,image/webp,1200x1200,393d1a7030eb782d,accepted,/images/products/Rigid-Box-Cardboard-Inserts-Wholesale.webp,Rigid Box Cardboard Inserts Wholesale,gallery
https://insertshub.com/wp-content/uploads/2026/07/Custom-Rigid-Box-Cardboard-Inserts.webp,/product/rigid-box-cardboard-inserts/,Custom-Rigid-Box-Cardboard-Inserts.webp,image/webp,1200x1200,b3f68cbe24758fb9,accepted,/images/products/Custom-Rigid-Box-Cardboard-Inserts.webp,Custom Rigid Box Cardboard Inserts,gallery
https://insertshub.com/wp-content/uploads/2026/07/Cardboard-Box-Divider-Inserts.webp,/product/cardboard-box-divider-inserts/,Cardboard-Box-Divider-Inserts.webp,image/webp,1200x1200,e6c349b05f900982,accepted,/images/products/Cardboard-Box-Divider-Inserts.webp,Cardboard Box Divider Inserts,primary
https://insertshub.com/wp-content/uploads/2026/07/Cardboard-Box-Divider-Inserts-And-Packaging.webp,/product/cardboard-box-divider-inserts/,Cardboard-Box-Divider-Inserts-And-Packaging.webp,image/webp,1200x1200,fafffc4d22020892,accepted,/images/products/Cardboard-Box-Divider-Inserts-And-Packaging.webp,Cardboard Box Divider Inserts And Packaging,gallery
https://insertshub.com/wp-content/uploads/2026/07/Cardboard-Box-Divider-Inserts-Wholesale.webp,/product/cardboard-box-divider-inserts/,Cardboard-Box-Divider-Inserts-Wholesale.webp,image/webp,1200x1200,75ca579a9d43213f,accepted,/images/products/Cardboard-Box-Divider-Inserts-Wholesale.webp,Cardboard Box Divider Inserts Wholesale,gallery
https://insertshub.com/wp-content/uploads/2026/07/Custom-Cardboard-Box-Divider-Inserts.webp,/product/cardboard-box-divider-inserts/,Custom-Cardboard-Box-Divider-Inserts.webp,image/webp,1200x1200,fdd05d9748c0f69d,accepted,/images/products/Custom-Cardboard-Box-Divider-Inserts.webp,Custom Cardboard Box Divider Inserts,gallery
https://insertshub.com/wp-content/uploads/2024/10/Corrugated-Cardboard-Inserts-Packaging.webp,/,Corrugated-Cardboard-Inserts-Packaging.webp,image/webp,1200x1200,d4bb945444cadf71,accepted,/images/site/Corrugated-Cardboard-Inserts-Packaging.webp,Custom Inserts for Every Need,duplicate content of /images/products/Corrugated-Cardboard-Inserts-Packaging.webp; slide
https://insertshub.com/wp-content/uploads/2024/10/Mini-Cupcake-Inserts.webp,/,Mini-Cupcake-Inserts.webp,image/webp,1200x1200,206e0d7745fecc5d,accepted,/images/site/Mini-Cupcake-Inserts.webp,"Bulk Orders, Big Savings",duplicate content of /images/products/Mini-Cupcake-Inserts.webp; slide
https://insertshub.com/wp-content/uploads/2024/10/Cardboard-Divider-Inserts-Packaging.webp,/,Cardboard-Divider-Inserts-Packaging.webp,image/webp,1200x1200,f8b947e14495ea71,accepted,/images/site/Cardboard-Divider-Inserts-Packaging.webp,Secure Your Products with Precision,duplicate content of /images/products/Cardboard-Divider-Inserts-Packaging.webp; slide
https://insertshub.com/wp-content/uploads/2024/08/boxes-gif-unscreen.gif,/,boxes-gif-unscreen.gif,image/gif,480x360,843017da4307ec42,accepted,/images/site/boxes-gif-unscreen.gif,"Custom Design, Sizes & Style",feature
https://insertshub.com/wp-content/uploads/2024/08/gif-boxes.gif,/,gif-boxes.gif,image/gif,1600x1200,31dadeede23065b8,accepted,/images/site/gif-boxes.gif,"Custom Design, Sizes & Style",feature
https://insertshub.com/wp-content/uploads/2024/08/Offset-Press.gif,/,Offset-Press.gif,image/gif,512x484,b97d3dfff8f95c9d,accepted,/images/site/Offset-Press.gif,High Quality Offset Printing,feature
https://insertshub.com/wp-content/uploads/2024/08/Delivery-Icon-Giff.gif,/,Delivery-Icon-Giff.gif,image/gif,1024x582,88b0e35dc23ffb53,accepted,/images/site/Delivery-Icon-Giff.gif,Fast Shipping 8-10 Business Days,feature
https://insertshub.com/wp-content/uploads/2024/10/Inserts-Hub-500-x-300.png,header,Inserts-Hub-500-x-300.png,image/png,500x300,72138c9ce92cae67,accepted,/images/site/Inserts-Hub-logo.png,"Inserts Hub — fit, protect, deliver",logo
https://insertshub.com/wp-content/uploads/2024/10/certificate.png,footer,certificate.png,image/png,564x72,5fc7d0971d9b474e,accepted,/images/site/certificate.png,"DMCA Protected, SiteLock secure, McAfee secure and BBB accredited business badges",badge
https://insertshub.com/wp-content/uploads/2024/10/cropped-Inserts-Hub-500-x-200-32x32.png,head,cropped-Inserts-Hub-500-x-200-32x32.png,image/png,32x32,1d487c8ff264b4c5,accepted,/images/site/favicon-32.png,Inserts Hub,favicon
