URL,Incoming links,Status,Note
https://insertshub.com/about-us/,133,linked,
https://insertshub.com/contact-us/,177,linked,
https://insertshub.com/,206,linked,
https://insertshub.com/privacy-policy/,44,linked,
https://insertshub.com/product/box-divider-inserts/,57,linked,
https://insertshub.com/product/candle-boxes-with-inserts/,60,linked,
https://insertshub.com/product/candy-box-inserts/,50,linked,
https://insertshub.com/product/cardboard-box-divider-inserts/,15,linked,
https://insertshub.com/product/cardboard-box-inserts/,57,linked,
https://insertshub.com/product/cardboard-divider-inserts/,8,linked,
https://insertshub.com/product/cardboard-inserts-for-bags/,6,linked,
https://insertshub.com/product/carton-inserts/,7,linked,
https://insertshub.com/product/chocolate-box-inserts/,51,linked,
https://insertshub.com/product/cookie-boxes-with-inserts/,51,linked,
https://insertshub.com/product/corrugated-inserts/,6,linked,
https://insertshub.com/product/cupcake-boxes-with-inserts/,58,linked,
https://insertshub.com/product/custom-boxes-with-foam-inserts/,8,linked,
https://insertshub.com/product/custom-cardboard-inserts/,9,linked,
https://insertshub.com/product/custom-corrugated-cardboard-inserts/,6,linked,
https://insertshub.com/product/custom-foam-inserts/,102,linked,
https://insertshub.com/product/custom-kraft-paper-inserts/,51,linked,
https://insertshub.com/product/custom-paperboard-inserts/,7,linked,
https://insertshub.com/product/custom-plastic-inserts/,6,linked,
https://insertshub.com/product/die-cut-cardboard-inserts/,15,linked,
https://insertshub.com/product/die-cut-inserts/,6,linked,
https://insertshub.com/product/foam-inserts-for-gift-boxes/,6,linked,
https://insertshub.com/product/kraft-cardboard-inserts/,14,linked,
https://insertshub.com/product/mailer-box-inserts/,10,linked,
https://insertshub.com/product/mini-cupcake-inserts/,9,linked,
https://insertshub.com/product/molded-pulp-inserts/,6,linked,
https://insertshub.com/product/pizza-box-inserts/,7,linked,
https://insertshub.com/product/product-packaging-inserts/,7,linked,
https://insertshub.com/product/rigid-box-cardboard-inserts/,14,linked,
https://insertshub.com/product/truffle-boxes-with-inserts/,8,linked,
https://insertshub.com/product/white-cardboard-inserts/,15,linked,
https://insertshub.com/product-category/cardboard-inserts/,10,linked,
https://insertshub.com/product-category/product/,53,linked,
https://insertshub.com/product-category/product/page/2/,2,linked,
https://insertshub.com/products/,128,linked,
https://insertshub.com/products/page/2/,2,linked,
https://insertshub.com/refund_returns/,133,linked,
https://insertshub.com/terms-conditions/,44,linked,
https://insertshub.com/thank-you/,0,linked,
